,X,Y,Z,val,coord,feature_name,nx,ny,nz
0,0.0,5500.0,0.0,0.0,0.0,fault,,,
1,300.0,5500.0,0.0,0.0,0.0,fault,,,
2,600.0,5500.0,0.0,0.0,0.0,fault,,,
3,900.0,5500.0,0.0,0.0,0.0,fault,,,
4,1200.0,5500.0,0.0,0.0,0.0,fault,,,
5,1500.0,5500.0,0.0,0.0,0.0,fault,,,
6,1800.0,5500.0,0.0,0.0,0.0,fault,,,
7,2100.0,5500.0,0.0,0.0,0.0,fault,,,
8,2400.0,5500.0,0.0,0.0,0.0,fault,,,
9,2700.0,5500.0,0.0,0.0,0.0,fault,,,
0,0.0,5500.0,0.0,,0.0,fault,4.6906693763513654e-17,-0.766044443118978,0.6427876096865394
1,300.0,5500.0,0.0,,0.0,fault,4.6906693763513654e-17,-0.766044443118978,0.6427876096865394
2,600.0,5500.0,0.0,,0.0,fault,4.6906693763513654e-17,-0.766044443118978,0.6427876096865394
3,900.0,5500.0,0.0,,0.0,fault,4.6906693763513654e-17,-0.766044443118978,0.6427876096865394
4,1200.0,5500.0,0.0,,0.0,fault,4.6906693763513654e-17,-0.766044443118978,0.6427876096865394
5,1500.0,5500.0,0.0,,0.0,fault,4.6906693763513654e-17,-0.766044443118978,0.6427876096865394
6,1800.0,5500.0,0.0,,0.0,fault,4.6906693763513654e-17,-0.766044443118978,0.6427876096865394
7,2100.0,5500.0,0.0,,0.0,fault,4.6906693763513654e-17,-0.766044443118978,0.6427876096865394
8,2400.0,5500.0,0.0,,0.0,fault,4.6906693763513654e-17,-0.766044443118978,0.6427876096865394
9,2700.0,5500.0,0.0,,0.0,fault,4.6906693763513654e-17,-0.766044443118978,0.6427876096865394
0,6000.0,5500.0,0.0,,1.0,fault,-1.180781683101298e-16,0.6427876096865394,0.7660444431189781
1,1000.0,5500.0,0.0,,1.0,fault,-1.180781683101298e-16,0.6427876096865394,0.7660444431189781
0,500.0,5500.0,0.0,-1.0,2.0,fault,,,
1,3000.0,5500.0,0.0,1.0,2.0,fault,,,
0,2474.5795610226237,2984.0734172483913,-1464.816898647656,0.0,,strati,,,
1,7837.632125056252,4315.951564620002,-2265.321825379159,0.0,,strati,,,
2,7061.5425787385775,3961.1843290087877,-2312.3898287516863,0.0,,strati,,,
3,5177.856584406243,2450.7566411663533,-1585.5378666998843,0.0,,strati,,,
4,5171.153177607713,2444.6089757718337,-1587.7490209802525,0.0,,strati,,,
5,8843.041336650207,5441.3603573363425,-1991.7626810397887,0.0,,strati,,,
6,5576.197819656369,2232.9886190265242,-2265.846790328432,0.0,,strati,,,
7,2889.6075856330604,7424.45855412201,-1520.3087078475419,0.0,,strati,,,
8,8615.394987792735,5209.284488221281,-2144.320401327763,0.0,,strati,,,
9,3454.1952354315617,4407.353986479427,-935.9037568681224,0.0,,strati,,,
10,4734.149192111574,2353.422719804824,-2232.2308839820084,0.0,,strati,,,
11,7784.958062299907,5503.163683704771,-2300.371348356378,0.0,,strati,,,
12,5729.438436841436,4535.729780633178,-2438.5569184502397,0.0,,strati,,,
13,5146.90836123045,3331.741365192268,-1044.5757334045365,0.0,,strati,,,
14,1519.8324977102432,2862.4718484979408,-1895.9694337720516,0.0,,strati,,,
15,8144.507184349951,7086.906794336767,-1336.4572883717528,0.0,,strati,,,
16,6781.129523238269,6843.312104135416,-816.3020925935507,0.0,,strati,,,
17,6581.350446438996,6866.265175128114,-806.099868318131,0.0,,strati,,,
18,4714.3668002709965,4227.042523709454,-2391.169561356993,0.0,,strati,,,
19,4217.756377355197,6882.677409813558,-2180.292089901411,0.0,,strati,,,
20,5237.843020137075,4547.260226321277,-797.6593531375308,0.0,,strati,,,
21,5088.269493383516,5366.312243151507,-2509.801004665072,0.0,,strati,,,
22,9168.216608944422,5417.62503325835,-1139.3098152044297,0.0,,strati,,,
23,8989.38982502434,5169.2559084788845,-959.0868012316583,0.0,,strati,,,
24,7787.641138021683,6998.524352079583,-1054.6515512938995,0.0,,strati,,,
25,9106.333696415395,4806.201394424272,-1852.7317297894958,0.0,,strati,,,
26,5025.212215679753,7332.969193272121,-1151.6745665415563,0.0,,strati,,,
27,8039.769291394463,3355.414379563636,-1436.4638413188695,0.0,,strati,,,
28,6366.3995025477425,2798.531149897356,-1399.5765461343826,0.0,,strati,,,
29,5609.979332480122,6212.572324651809,-475.7227266038354,0.0,,strati,,,
30,1435.2625320071643,2956.3812212195985,-2224.2744726449687,0.0,,strati,,,
31,1622.769237856759,3069.25509106006,-1610.2688528422536,0.0,,strati,,,
32,4527.248017857744,2850.7210810566444,-2685.7104344260642,0.0,,strati,,,
33,1994.925939270208,5920.031819914639,-2213.0123355931746,0.0,,strati,,,
34,2085.0783383007347,5838.1746309955115,-2259.0117429420175,0.0,,strati,,,
35,7938.057243199629,5378.1549494987685,-2304.650565064484,0.0,,strati,,,
36,5061.505597493082,5415.3693844029385,-2508.5737059693906,0.0,,strati,,,
37,5804.15143888184,4251.516105671411,-828.6878495037598,0.0,,strati,,,
38,4922.245196194772,6407.547593862856,-2382.199975170886,0.0,,strati,,,
39,3781.218966963591,4400.8687167919215,-2386.4689043480284,0.0,,strati,,,
40,8061.718991961266,5911.832288470536,-646.8798528651643,0.0,,strati,,,
41,1938.0880223356878,7039.751834216494,-1349.272586980568,0.0,,strati,,,
42,2519.9916143547744,6760.184056653312,-2076.1594097718366,0.0,,strati,,,
43,4735.802036587956,6223.576088268615,-453.1182151856364,0.0,,strati,,,
44,4698.785961551343,6046.350606132577,-405.79941763293647,0.0,,strati,,,
45,2228.5373122147494,4164.356765814122,-2239.319208396887,0.0,,strati,,,
46,1210.0886895409903,6009.946425179333,-913.2244517740708,0.0,,strati,,,
47,830.8313152076645,3714.611668932135,-1684.9107998103484,0.0,,strati,,,
48,4377.799995919845,7172.2083239183585,-2049.690158440799,0.0,,strati,,,
49,6485.1889451696925,5201.008523309648,-2432.996568850928,0.0,,strati,,,
50,2689.2155166059715,2729.9561129263684,-1591.5747979413406,0.0,,strati,,,
51,6226.2503816980725,2190.875881959395,-2276.7038216923524,0.0,,strati,,,
52,7303.549463295627,3598.8196092959315,-1238.3161221842538,0.0,,strati,,,
53,5710.320161998202,2728.4409493650014,-2687.1962482664067,0.0,,strati,,,
54,6255.0639453453505,6024.749437277785,-2333.817973486267,0.0,,strati,,,
55,6270.875183387491,2533.615916272041,-2589.6958880637126,0.0,,strati,,,
56,6078.975142167373,2671.9723053468188,-2674.9857025515907,0.0,,strati,,,
57,7199.813957725572,5941.187759103773,-456.2422026285401,0.0,,strati,,,
58,5886.514198628763,6526.448521399057,-2249.6704441625893,0.0,,strati,,,
59,5886.031437617893,6496.451818713469,-2258.2532285714974,0.0,,strati,,,
60,5573.156027583718,6402.086324534798,-2308.964040194058,0.0,,strati,,,
61,7087.417797709315,6420.92356117348,-2179.379245029405,0.0,,strati,,,
62,3026.815279779918,7066.538089190312,-990.471115737933,0.0,,strati,,,
63,1985.6370614998693,2757.7314903630804,-2405.3213828859934,0.0,,strati,,,
64,1723.5158155170943,2839.380330212476,-2335.2182213540273,0.0,,strati,,,
65,5963.138426051198,2203.336002477659,-1846.4764696184784,0.0,,strati,,,
66,3578.212719212153,4970.0914458978605,-2424.829576530278,0.0,,strati,,,
67,5993.8763305801685,6733.095247041891,-752.270388998237,0.0,,strati,,,
68,7347.736145217344,2732.1534719437045,-2478.932161799559,0.0,,strati,,,
69,2037.355278713016,6520.036132593576,-942.7403249747096,0.0,,strati,,,
70,3372.350003074301,7280.704461202051,-1876.2410149409795,0.0,,strati,,,
71,5183.758957909633,2449.4020754914222,-1586.5945997211784,0.0,,strati,,,
72,6722.496383507069,7357.012207453112,-1564.391028156681,0.0,,strati,,,
73,2513.4864889483247,4196.640778669289,-2286.7028546034408,0.0,,strati,,,
74,2346.0872235096413,5576.568319892903,-525.536539299223,0.0,,strati,,,
75,2763.332470804285,7389.836834012969,-1382.908271506523,0.0,,strati,,,
76,3253.125922270311,3900.4225989017054,-2322.077112059486,0.0,,strati,,,
77,4915.495117751644,3149.06222531755,-1125.9947580449264,0.0,,strati,,,
78,8888.015170823282,5218.296180849713,-903.2105529116973,0.0,,strati,,,
79,8506.963976175899,4092.64995049659,-2033.1356450446049,0.0,,strati,,,
80,2752.0141843028723,2443.1579442047055,-2181.507324046777,0.0,,strati,,,
81,2518.820850980766,2635.1759557511905,-2427.2995088196335,0.0,,strati,,,
82,8996.807874409375,4888.493788918499,-1125.9769676122226,0.0,,strati,,,
83,4270.948836797251,7190.81369307644,-1002.1645050120143,0.0,,strati,,,
84,4310.870498837581,7249.385892965294,-1084.1816218064719,0.0,,strati,,,
85,7896.477595216471,6109.6631340673375,-2177.6945237948307,0.0,,strati,,,
86,7151.771609615293,5479.587455927827,-405.2127932185705,0.0,,strati,,,
87,7228.56233106835,5554.0692309588685,-416.3969015764882,0.0,,strati,,,
88,7115.721983970767,5556.169256558893,-399.04301282167233,0.0,,strati,,,
89,2453.123672426787,5920.469648245042,-2278.8765358535916,0.0,,strati,,,
90,2779.5052683339013,6224.761133561303,-688.5905243805901,0.0,,strati,,,
91,7020.794723956407,7148.292014263929,-1062.203149671402,0.0,,strati,,,
92,933.5547335005733,5548.406215994015,-852.0486377228934,0.0,,strati,,,
93,2763.786074803854,6621.108687131489,-2144.7893919888725,0.0,,strati,,,
94,1982.1716348399873,5349.13567638887,-2282.728864862618,0.0,,strati,,,
95,5394.96230445448,6164.612858853778,-448.24481308960725,0.0,,strati,,,
96,5167.536556659745,6178.125690798903,-2409.3835167264647,0.0,,strati,,,
97,449.4024661743429,4706.492292399415,-1536.2806716558387,0.0,,strati,,,
98,6762.674819467676,2784.2754351465046,-1523.0258204398779,0.0,,strati,,,
99,6667.575254346833,2707.032230618901,-1532.6487781566505,0.0,,strati,,,
100,7755.080928112807,6482.339189597189,-2085.7709038299654,0.0,,strati,,,
101,7060.985798024271,3954.0076298539134,-2313.3363376024326,0.0,,strati,,,
102,4055.9890697577985,4131.652523620694,-2362.6094387980074,0.0,,strati,,,
103,3211.446984519332,4123.419578034448,-973.7926956087006,0.0,,strati,,,
104,8880.793680323755,3137.4851417461286,-1947.626559491344,0.0,,strati,,,
105,1599.549432574106,3834.4972406071606,-1252.703698484685,0.0,,strati,,,
106,4497.987106660136,4647.416886506858,-650.243768604116,0.0,,strati,,,
107,483.6931111393033,5611.66569794227,-1113.6183722779988,0.0,,strati,,,
108,1047.2942157228063,5427.660407947869,-1994.6041428058,0.0,,strati,,,
109,3046.3566932239723,6884.109590714529,-2112.3886865616596,0.0,,strati,,,
110,3120.713498285872,6851.814343683412,-2123.9973358287716,0.0,,strati,,,
111,421.34229670040963,5263.020752766936,-1567.3110161168197,0.0,,strati,,,
112,2268.2659796633216,6507.332737820019,-2097.5109649165697,0.0,,strati,,,
113,4292.158991994269,6430.19899020419,-582.2942683483986,0.0,,strati,,,
114,4138.373252949758,6531.0209450935445,-648.5926078334414,0.0,,strati,,,
115,4430.533178843726,2752.3565501265675,-2635.7033833973665,0.0,,strati,,,
116,4431.141701758243,2791.34091885645,-2645.159756298589,0.0,,strati,,,
117,2462.724723139417,2670.9754916111733,-2445.7137434873116,0.0,,strati,,,
118,4528.392315364265,5409.527037697955,-2498.2032881531077,0.0,,strati,,,
119,7200.951324164818,4070.8692509140546,-1100.705984844295,0.0,,strati,,,
120,8220.925668347347,6868.853971221651,-1133.3382943415565,0.0,,strati,,,
121,3904.214518955837,5029.197277264844,-2435.157543700739,0.0,,strati,,,
122,3560.7569632158534,7155.965716886124,-989.0258134219594,0.0,,strati,,,
123,5403.139528645233,4935.239048085293,-2488.844014404756,0.0,,strati,,,
124,416.80119715095555,5266.546337914124,-1561.8988249620627,0.0,,strati,,,
125,416.99148671040894,5267.872468948484,-1562.9654883823214,0.0,,strati,,,
126,2099.5886475427715,7023.243592218128,-1192.6383541919233,0.0,,strati,,,
127,7413.554314574039,4430.670648637583,-2323.6184144028307,0.0,,strati,,,
128,6805.729613056978,6032.34143497292,-444.06698309002127,0.0,,strati,,,
129,7691.2893981207235,2676.765111002202,-1734.872263856478,0.0,,strati,,,
130,7651.405404539274,2677.8878692342714,-1715.3217474042804,0.0,,strati,,,
131,7301.825604350231,4386.974332944246,-938.133195536947,0.0,,strati,,,
132,8173.031267983438,3769.0243949215355,-1333.3825454535615,0.0,,strati,,,
133,7992.085037372923,6130.56500116276,-676.1935944393546,0.0,,strati,,,
134,8019.0920639649785,2648.356055878939,-2097.4494011456763,0.0,,strati,,,
135,5496.898232205768,3412.2179203553205,-1013.8099745952896,0.0,,strati,,,
136,5968.032955034625,3017.045713203541,-1228.8468947615634,0.0,,strati,,,
137,3920.2687599013566,7036.221931728667,-939.251777909069,0.0,,strati,,,
138,2778.2002488281532,6289.875707668677,-718.4788111717443,0.0,,strati,,,
139,2806.1180797303687,6266.6063575269345,-702.9852234080033,0.0,,strati,,,
140,6603.360045658964,3474.100421474966,-1158.4663244555597,0.0,,strati,,,
141,1418.0176541286148,5936.169256747589,-2072.177272409024,0.0,,strati,,,
142,1493.9287798205853,5791.932721967401,-2131.166181794406,0.0,,strati,,,
143,1641.9388739834264,6066.12085266927,-2113.7912629661773,0.0,,strati,,,
144,1671.847149160391,4738.293721542918,-2255.0689620353587,0.0,,strati,,,
145,2692.8917766163363,6719.397081543075,-894.8403109515735,0.0,,strati,,,
146,4970.755239724001,5494.999700554566,-2502.031675653324,0.0,,strati,,,
147,5441.135392363385,5747.054666985832,-330.4387382544883,0.0,,strati,,,
148,6284.2025908436935,6052.252747938139,-434.97248869217356,0.0,,strati,,,
149,5743.681630333865,6934.082565515775,-877.5772797756114,0.0,,strati,,,
150,6999.39241510295,3091.8716292867284,-1369.6107653568765,0.0,,strati,,,
151,8649.780843872293,3310.45058438063,-1688.8879505566752,0.0,,strati,,,
152,9302.71262011933,5012.068593838976,-1509.469882166582,0.0,,strati,,,
153,6617.187804866483,3428.424894334898,-1168.8898275793072,0.0,,strati,,,
154,6598.043210571795,3249.8271189010393,-1231.6240103754833,0.0,,strati,,,
155,1530.529166313862,5943.322698295019,-766.0339958191987,0.0,,strati,,,
156,1677.63865847279,6109.69616544442,-812.3696465950463,0.0,,strati,,,
157,5372.510026947033,5797.303728499109,-337.71949852348615,0.0,,strati,,,
158,380.8816186385021,4931.358680327507,-1433.535676879882,0.0,,strati,,,
159,2273.277433938949,2997.1371366789976,-2628.2318255132473,0.0,,strati,,,
160,9118.790733472204,5788.733789424471,-1753.3279587721586,0.0,,strati,,,
161,929.4326191401857,3935.080267798832,-1494.3885727330623,0.0,,strati,,,
162,1170.7756884207263,4013.2147410925604,-1348.830921528454,0.0,,strati,,,
163,6030.873593801856,6855.814738286634,-834.0727661632899,0.0,,strati,,,
164,5554.626355692071,7218.391143402573,-1849.0544400625229,0.0,,strati,,,
165,8197.267053129306,5513.961518895863,-633.2320136611795,0.0,,strati,,,
166,4369.6499100479605,4113.1745264532465,-2359.269170686115,0.0,,strati,,,
167,732.0708141556571,4546.254135324304,-1873.403860303779,0.0,,strati,,,
168,4719.268898657043,2423.8743723721054,-1599.1144522928519,0.0,,strati,,,
169,7246.824517341014,2464.652110828408,-2317.717647803769,0.0,,strati,,,
170,656.1437377661503,5375.313427067667,-1786.1590808059964,0.0,,strati,,,
171,4592.447777317724,4480.452249716926,-2447.145353090868,0.0,,strati,,,
172,2493.767935657757,2707.0612284532795,-1640.416251434458,0.0,,strati,,,
173,1357.7535937596567,5708.23347201849,-710.5174348018785,0.0,,strati,,,
174,6320.775109410115,2844.24795996537,-1377.6586069348882,0.0,,strati,,,
175,6440.470181470029,3162.166900341224,-1236.8524856304575,0.0,,strati,,,
176,2090.942288987211,4687.398565082288,-2299.3019005471037,0.0,,strati,,,
177,8666.704596173438,6025.85489894987,-896.083978153087,0.0,,strati,,,
178,2990.3071825463667,6724.097602122132,-851.083914527396,0.0,,strati,,,
179,7618.7385589764535,6234.216785226943,-576.9845992024445,0.0,,strati,,,
180,4004.0819302858918,4791.946524526863,-2416.53257344712,0.0,,strati,,,
181,7830.403133669187,6480.425535809801,-2078.411038439781,0.0,,strati,,,
182,4670.275560825991,6311.581585271476,-482.77376701368615,0.0,,strati,,,
183,4666.539347253428,2432.2386433309093,-2381.617249717708,0.0,,strati,,,
184,4598.6030822525645,2458.7399005676943,-2410.013861725996,0.0,,strati,,,
185,5677.492383679411,5782.585500258578,-2443.2247366181336,0.0,,strati,,,
186,7844.497730708576,4043.4793402252412,-1206.2319386359238,0.0,,strati,,,
187,7664.815073422469,4004.4464781565284,-1185.4660121507527,0.0,,strati,,,
188,5282.74250748777,6272.630219739779,-2387.6331618527224,0.0,,strati,,,
189,7638.95884728373,5472.5023131371445,-486.658778592446,0.0,,strati,,,
190,8985.882948227721,5991.723526866805,-1789.8393710060363,0.0,,strati,,,
191,4100.236046582784,3281.5043622936187,-1161.7281897776386,0.0,,strati,,,
192,3132.7585686701473,7060.6929407186435,-971.4763130202585,0.0,,strati,,,
193,7326.646514063352,6607.117349669809,-655.3190816625055,0.0,,strati,,,
194,7311.571984576181,6608.635888975256,-654.8059864673118,0.0,,strati,,,
195,8258.954786237102,6169.352815400641,-781.0493044986852,0.0,,strati,,,
196,4843.795090158692,6631.245147797581,-607.7429628160494,0.0,,strati,,,
197,4378.651046840848,3663.414002939725,-985.8976967145046,0.0,,strati,,,
198,6058.508697614289,7078.4245331694765,-1015.8465920663194,0.0,,strati,,,
199,6616.67704583743,2348.6554972405165,-1793.0840539921005,0.0,,strati,,,
200,5608.438933888995,4608.78393528089,-658.7267689727713,0.0,,strati,,,
201,9009.647845306363,5192.74396036275,-1885.0641914786206,0.0,,strati,,,
202,3337.941473797392,4000.650627952804,-2320.590040005293,0.0,,strati,,,
203,3317.4320978680116,4276.835457676327,-2343.1711620374303,0.0,,strati,,,
204,3244.100886108697,3982.634486872896,-2286.219533556234,0.0,,strati,,,
205,9002.221546589699,5814.925973821647,-1834.5287004425159,0.0,,strati,,,
206,8898.73323229815,3415.2109054255025,-1868.6092839529501,0.0,,strati,,,
207,5368.581693127599,3734.587386584047,-896.2773447360987,0.0,,strati,,,
208,9159.019648872192,5619.271172395071,-1138.4330388947576,0.0,,strati,,,
209,8518.354848988958,4629.849327666985,-2166.4609919196355,0.0,,strati,,,
210,5333.856398631255,3759.0074541105946,-888.2415261334617,0.0,,strati,,,
211,1595.124002695651,2984.567147472204,-1721.612970006872,0.0,,strati,,,
212,7097.9192133606675,3982.3010803814796,-1103.2533605485194,0.0,,strati,,,
213,5486.991736180058,7207.36660816423,-1136.2298626367112,0.0,,strati,,,
214,5509.250925969871,7233.469882011112,-1158.2408830559596,0.0,,strati,,,
215,5803.930951428497,7371.120459472741,-1534.5118682003908,0.0,,strati,,,
216,5265.1707766165355,6849.833575019884,-2153.4494832999408,0.0,,strati,,,
217,6957.311481609967,7286.5480175794455,-1360.5201079656758,0.0,,strati,,,
218,1993.7366641249955,5774.101281605708,-618.8459428722983,0.0,,strati,,,
219,1163.8003275608721,5966.316568655604,-1998.8615663395942,0.0,,strati,,,
220,3316.615163811354,6484.364965103452,-2224.566305843702,0.0,,strati,,,
221,5985.231386732152,2342.150697066835,-2478.114014690339,0.0,,strati,,,
222,904.2157772374912,6065.77821093606,-1830.106634002312,0.0,,strati,,,
223,7486.434630789992,6933.137280791626,-960.8334145043943,0.0,,strati,,,
224,3130.8905317623103,2893.1867782748755,-1424.781227160177,0.0,,strati,,,
225,7370.135592756863,6300.802208709097,-2199.1215954294007,0.0,,strati,,,
226,7455.581237306378,6390.88021074958,-2143.008003808058,0.0,,strati,,,
227,1329.577903688005,6594.45344605184,-1483.39971919449,0.0,,strati,,,
228,3744.1924498048847,4242.986123812995,-946.9531035602395,0.0,,strati,,,
229,8782.151738427872,6164.706801688389,-1873.7735288999854,0.0,,strati,,,
230,2408.910837170785,2576.151055976717,-1829.2158387557108,0.0,,strati,,,
231,2228.0930445293907,5260.350442705031,-2332.569535468263,0.0,,strati,,,
232,4319.7459805823455,5022.9014218236525,-2463.181750461224,0.0,,strati,,,
233,6632.3866751918395,3989.4994642882752,-2329.1404012286225,0.0,,strati,,,
234,8784.42440689819,6444.481566773071,-1094.25994551508,0.0,,strati,,,
235,8519.416919625395,6365.891270961376,-1922.7869168035006,0.0,,strati,,,
236,8504.942794726245,6357.125460002117,-1942.1261736324857,0.0,,strati,,,
237,3529.110480783898,7130.732266301308,-2001.5820486575558,0.0,,strati,,,
238,3578.4821228226465,3352.335537931593,-1172.6823295523768,0.0,,strati,,,
239,3388.3638932584363,5574.454908463757,-442.4076605598336,0.0,,strati,,,
240,3274.7641996599627,5617.811949844161,-458.6631129267245,0.0,,strati,,,
241,6371.077644784769,4174.210931132653,-927.7469954261463,0.0,,strati,,,
242,7785.226961047334,6551.139069181805,-729.88707014632,0.0,,strati,,,
243,4341.172424568797,2758.634796419161,-2633.478634624725,0.0,,strati,,,
244,7901.534209728249,5722.160659840421,-573.2645715453862,0.0,,strati,,,
245,6430.461130154002,2760.408493890013,-2671.1644714518548,0.0,,strati,,,
246,7122.210306714021,6478.644365538351,-2158.860273780013,0.0,,strati,,,
247,9269.875220299578,5473.758878458623,-1405.170176103982,0.0,,strati,,,
248,1493.4757805980744,6253.303527524378,-942.4889727989314,0.0,,strati,,,
249,2535.449069497908,6201.504356519352,-2252.860648218515,0.0,,strati,,,
250,1646.765280962555,5591.551991149092,-2162.1187864243075,0.0,,strati,,,
251,3903.9813609953057,6304.6628834241965,-2349.685754639577,0.0,,strati,,,
252,4086.7317545209507,6439.094001818888,-2329.086478400432,0.0,,strati,,,
253,2259.6442460436915,6096.194670258448,-2206.3236699124177,0.0,,strati,,,
254,7644.489078305666,2658.518789598204,-1727.1730377106662,0.0,,strati,,,
255,7527.918814531242,2477.506250518224,-2303.040931967766,0.0,,strati,,,
256,3275.1721987442374,4316.341167530414,-2340.3991785956814,0.0,,strati,,,
257,2146.612954994113,3004.767753743817,-1533.8070240778834,0.0,,strati,,,
258,3003.78953333944,2912.33485760573,-1427.853493390544,0.0,,strati,,,
259,7856.539039091214,6904.777425051744,-1880.1474543875065,0.0,,strati,,,
260,2927.146136182523,5721.830896134423,-2356.9307391065718,0.0,,strati,,,
261,3815.9416455131814,7363.624730032686,-1201.9676433244376,0.0,,strati,,,
262,5904.97140456319,6574.864633966725,-2229.849738926634,0.0,,strati,,,
263,547.4191755562865,5729.086239752456,-1664.7068788276126,0.0,,strati,,,
264,2515.7465145209007,6690.83988100746,-2107.820025826113,0.0,,strati,,,
265,6530.743454254992,7004.494526182941,-1858.123738386397,0.0,,strati,,,
266,3999.4947331467224,7200.038854285348,-1935.1698353929678,0.0,,strati,,,
267,5839.137857868561,4581.259094511769,-2435.7791185308465,0.0,,strati,,,
268,3317.4320978680116,4276.835457676327,-2343.1711620374317,0.0,,strati,,,
269,6438.543972399922,2498.1360224272435,-1616.9684559554355,0.0,,strati,,,
270,6322.473325804797,7299.586285670898,-1442.7464841838882,0.0,,strati,,,
271,3277.782475741164,3157.6742160521394,-1269.970136594366,0.0,,strati,,,
272,2637.70030847863,4161.268645038284,-2282.613940950131,0.0,,strati,,,
273,5545.191154607978,7233.508107824007,-1156.4942090943555,0.0,,strati,,,
274,7109.124490083428,4507.3440553370665,-2349.452395951611,0.0,,strati,,,
275,7053.635426377345,4603.049106684965,-2358.7165167348394,0.0,,strati,,,
276,6774.4023862188205,6698.436383450463,-2083.571545926878,0.0,,strati,,,
277,7210.631329647311,3048.107360872016,-2572.039594527378,0.0,,strati,,,
278,1678.5988888784761,5788.512645257032,-669.841570067372,0.0,,strati,,,
279,1991.84994116092,4831.739631716989,-2315.733851437085,0.0,,strati,,,
280,3775.991792950903,2799.5758906886945,-2577.1694540942726,0.0,,strati,,,
281,4414.693271218972,2296.3261044592678,-1844.5830310822128,0.0,,strati,,,
282,8083.394992438208,4722.552940481722,-2259.973235137474,0.0,,strati,,,
283,8235.990057074816,4982.855000458157,-2250.8857407465607,0.0,,strati,,,
284,6640.784229013941,3904.8740043126795,-2316.397042835072,0.0,,strati,,,
285,4675.893131709114,2756.3161715539345,-1365.984580000755,0.0,,strati,,,
286,4771.315970015923,2714.185037507943,-1387.295736987245,0.0,,strati,,,
287,5179.34074378201,7261.824986321491,-1826.822336102297,0.0,,strati,,,
288,5531.177675427434,7214.585112899468,-1859.1344958771363,0.0,,strati,,,
289,1215.420002812629,5329.417324843002,-802.2607271524946,0.0,,strati,,,
290,8340.33786710454,4101.1325645882425,-1283.7989474869773,0.0,,strati,,,
291,8353.790243286323,4110.33292791433,-1280.2792243594458,0.0,,strati,,,
292,4209.225743552814,2356.73456689407,-1766.9594041794,0.0,,strati,,,
293,1374.141128080497,6263.990702331982,-1959.5982704321507,0.0,,strati,,,
294,387.7702299734696,5368.987776677296,-1260.086553108157,0.0,,strati,,,
295,394.48653616880256,5424.888575780899,-1262.4627017108905,0.0,,strati,,,
296,6087.3477989718995,5632.335235664466,-324.63746537455916,0.0,,strati,,,
297,7603.499246300342,6212.587858968719,-566.8268821466478,0.0,,strati,,,
298,5281.468402068218,7142.762968653311,-1990.462074666421,0.0,,strati,,,
299,8100.264262045378,6946.490857256945,-1787.3184536857584,0.0,,strati,,,
300,3693.083121156466,2925.758872283298,-2635.9874586058813,0.0,,strati,,,
301,5783.0347402444295,2417.0521193432305,-2550.2198533374453,0.0,,strati,,,
302,4759.331452840909,7390.907576375302,-1242.2905548526162,0.0,,strati,,,
303,3725.534932202602,7382.7587606408,-1774.8810314578159,0.0,,strati,,,
304,2876.9959671994848,5958.227610873204,-595.8298381749877,0.0,,strati,,,
305,6890.73037243132,2572.695084998618,-1657.5993844079117,0.0,,strati,,,
306,8684.300915916201,5538.864338960733,-838.7359614447205,0.0,,strati,,,
307,1588.108673184761,6451.646347494753,-1062.5737814890808,0.0,,strati,,,
308,3960.2591471161213,5936.6718839932055,-2432.5847220631454,0.0,,strati,,,
309,3999.008734634597,5983.3653117489475,-476.88031174780406,0.0,,strati,,,
310,7762.705237672032,3059.1515538701947,-2544.902913552853,0.0,,strati,,,
311,6567.230476466432,3104.7067647915014,-1296.6717918757668,0.0,,strati,,,
312,3423.9718149188134,4431.151446726031,-929.9513219294896,0.0,,strati,,,
313,2677.5464864876344,7322.567604457843,-1611.3021181547435,0.0,,strati,,,
314,3927.1034104936707,5797.49056494236,-439.50111059171167,0.0,,strati,,,
315,4915.83398160406,3804.6051682718653,-900.68136368749,0.0,,strati,,,
316,6714.487364903329,4655.8534952653135,-2373.618421703084,0.0,,strati,,,
317,3357.640921193958,6197.9186606705725,-615.1251967674102,0.0,,strati,,,
318,1080.1596548620803,5002.161015355215,-2062.5125987076444,0.0,,strati,,,
319,6585.931739481509,7040.369235720891,-932.5862620845647,0.0,,strati,,,
320,1374.141128080497,6263.990702331982,-1959.59827043215,0.0,,strati,,,
321,9255.1521516018,5528.4909149435225,-1430.9047119502302,0.0,,strati,,,
322,2543.4539050131443,5884.053861171748,-2299.6876627778884,0.0,,strati,,,
323,5143.001346169055,4588.358429772761,-2479.2299848638463,0.0,,strati,,,
324,800.7328087178951,5957.685811225745,-1089.1074282593388,0.0,,strati,,,
325,815.2995442674691,6043.472654583134,-1116.8780058668958,0.0,,strati,,,
326,9140.052679506814,5564.223506019721,-1111.3806836963538,0.0,,strati,,,
327,5162.553498991399,2771.424680448533,-2673.5603371078205,0.0,,strati,,,
328,5796.2374692011535,3816.2096967116327,-926.6501371508871,0.0,,strati,,,
329,5592.359346606159,4012.1399727839257,-858.7855025106014,0.0,,strati,,,
330,5781.6190829537645,6232.542908184812,-2313.517212873146,0.0,,strati,,,
331,5359.22065321848,2703.1812015108576,-1359.485764417895,0.0,,strati,,,
332,6255.414313510961,6427.003032253774,-2242.481955696209,0.0,,strati,,,
333,5945.6147009035885,6455.696312233344,-2262.582493179493,0.0,,strati,,,
334,5940.6267718410645,7207.4296401003285,-1797.48287512847,0.0,,strati,,,
335,2902.0800045272117,6203.452746755059,-2288.9411090774265,0.0,,strati,,,
336,1620.6669784587868,3794.0726878844484,-1256.083178248029,0.0,,strati,,,
337,7823.782127103571,4445.324496181345,-2276.3861757462882,0.0,,strati,,,
338,7737.761619203418,7242.7112985828735,-1694.2198410501953,0.0,,strati,,,
339,5389.1808337135435,5812.192336087396,-342.190331004301,0.0,,strati,,,
340,2426.463583630105,3558.3384716199334,-1196.0606500523518,0.0,,strati,,,
341,5737.7269305259715,2971.1116170183586,-1230.3415596560158,0.0,,strati,,,
342,4331.907552901356,5873.2349693290635,-397.3698931811561,0.0,,strati,,,
343,8259.547609351832,4226.588777345211,-2152.9861334945317,0.0,,strati,,,
344,6900.861612891288,4541.302478919152,-825.0537516599686,0.0,,strati,,,
345,2027.5045738603862,6761.129410304659,-1073.6709831544251,0.0,,strati,,,
346,4561.1197464379775,7159.716691128444,-974.472910454744,0.0,,strati,,,
347,7002.50707091818,3599.753233448146,-1175.2067951285155,0.0,,strati,,,
348,2379.244909803408,6942.239623487352,-1078.6387169291297,0.0,,strati,,,
349,4781.723015474045,2474.340932333096,-1558.1752521853339,0.0,,strati,,,
350,1784.1889335764358,5509.9985376505,-587.8341265648445,0.0,,strati,,,
351,4615.6952266716335,7166.146745064248,-971.2150505632676,0.0,,strati,,,
352,4555.51292778638,2316.5769160616865,-1806.7877925461712,0.0,,strati,,,
353,4718.377078442151,2306.134376734308,-1813.6097420250753,0.0,,strati,,,
354,2640.712988702312,5374.259241531549,-2366.3675021468293,0.0,,strati,,,
355,7056.196199007096,3160.530616998425,-1346.0042345024642,0.0,,strati,,,
356,2692.7674620117095,6773.060225344575,-914.8634255029697,0.0,,strati,,,
357,8217.29501019546,4650.436044335668,-2243.547952597685,0.0,,strati,,,
358,1949.7709140519394,6942.981612799613,-1768.906321987925,0.0,,strati,,,
359,1794.8629971483774,2757.889453647173,-1858.6395761873553,0.0,,strati,,,
360,2453.3704324052155,3599.147642992789,-1178.1648893895094,0.0,,strati,,,
361,9302.854475775453,5016.10936777088,-1510.081324323819,0.0,,strati,,,
362,3778.860143680935,2464.709223633028,-1758.202461984419,0.0,,strati,,,
363,5151.898766049468,7041.337050305053,-915.1752549775092,0.0,,strati,,,
364,5030.001591759389,6928.9070343823805,-836.315488791931,0.0,,strati,,,
365,2931.7580824338884,4925.60222695502,-2381.333146137011,0.0,,strati,,,
366,3048.2677822189617,4616.167183348613,-2391.427358433074,0.0,,strati,,,
367,3379.1419992859364,6274.502411668229,-642.2254603456436,0.0,,strati,,,
368,3295.319679720881,6313.45659354576,-659.396334211456,0.0,,strati,,,
369,7547.275371371977,6777.546805543919,-1977.8018125291885,0.0,,strati,,,
370,1161.9921894424385,5965.442500173789,-1997.8821351334766,0.0,,strati,,,
371,937.7848951837049,5693.227259848624,-1917.1407882802723,0.0,,strati,,,
372,8073.537030015498,2956.635676432181,-2402.2498913821537,0.0,,strati,,,
373,6696.114994142825,7350.100445100431,-1612.4020905539865,0.0,,strati,,,
374,7003.5320301512465,2630.5380352790366,-1639.7848289660687,0.0,,strati,,,
375,4808.688232489272,4009.5856747303587,-861.6146753321832,0.0,,strati,,,
376,2623.548226123236,6321.542119892897,-2233.0403375813767,0.0,,strati,,,
377,6644.929494469473,2359.9595502597053,-1782.3651161789544,0.0,,strati,,,
378,5792.403585342505,4247.118908916729,-832.4549360198477,0.0,,strati,,,
379,5808.598094801714,4246.340482756559,-833.630948131029,0.0,,strati,,,
380,1206.7525197925584,3441.1283338913026,-1563.1939964006278,0.0,,strati,,,
381,3371.251718851755,5703.406636694192,-2370.4496303249075,0.0,,strati,,,
382,6097.026167552581,2429.9970690985683,-1587.1681097750102,0.0,,strati,,,
383,4357.4031247983685,4141.2882115547445,-894.8276009607644,0.0,,strati,,,
384,8285.455065473157,6818.193318479847,-1857.828299368473,0.0,,strati,,,
385,4857.412177515964,2238.1325886563345,-2102.1730314646757,0.0,,strati,,,
386,6308.145832516077,6095.725736537964,-446.12104897868073,0.0,,strati,,,
387,8820.408514922729,5733.143398192248,-1978.937962614755,0.0,,strati,,,
388,4020.337171978276,5783.61111374459,-419.6382351164997,0.0,,strati,,,
389,1890.6675005870798,4410.115643269207,-2227.8900802396165,0.0,,strati,,,
390,3894.162026439802,6891.136039241396,-859.9183272782786,0.0,,strati,,,
391,6058.508697614289,7078.424533169475,-1015.8465920663195,0.0,,strati,,,
392,5879.439615924951,7344.817055396416,-1438.718085193103,0.0,,strati,,,
393,5974.016907529258,2215.438776091198,-2320.548174379386,0.0,,strati,,,
394,4892.057203872215,7444.704559968622,-1548.8241185375323,0.0,,strati,,,
395,7623.1307205644935,2677.267940599732,-1711.7202876519614,0.0,,strati,,,
396,3304.4312655134795,7466.553244494826,-1667.951891464464,0.0,,strati,,,
397,3300.767652717197,7465.466326091098,-1669.8186756233247,0.0,,strati,,,
398,5231.362968641454,6590.099897890424,-630.9420895184446,0.0,,strati,,,
399,5211.172708787188,6588.823909125125,-628.1829099678604,0.0,,strati,,,
400,5217.552798742908,6576.015979989801,-620.6777081711837,0.0,,strati,,,
401,3231.732849732887,3215.987612139932,-1248.5558097283724,0.0,,strati,,,
402,5465.903762776718,7348.261447533998,-1444.838425338874,0.0,,strati,,,
403,5361.702991127187,6708.987478067282,-2245.425331081217,0.0,,strati,,,
404,9209.18134460192,5075.959310089333,-1752.9205025335682,0.0,,strati,,,
405,2508.1684768344126,7207.607572524085,-1777.5694646897377,0.0,,strati,,,
406,1858.0199239068927,4348.159578017045,-1034.2199482936594,0.0,,strati,,,
407,5627.6984998980615,2649.604910454186,-1396.5204778568757,0.0,,strati,,,
408,2328.6385626796437,6908.076748967924,-1073.0618554323794,0.0,,strati,,,
409,1454.3043374546148,3546.2116359117904,-1441.0649833461355,0.0,,strati,,,
410,5111.261157933595,3408.7506280211724,-1013.3330751507712,0.0,,strati,,,
411,4907.625198027641,3163.20239088697,-1120.2887186434127,0.0,,strati,,,
412,4152.681610914956,6435.9599487319265,-2326.947240758803,0.0,,strati,,,
413,7067.058150560963,3946.4975901187563,-2313.775396954605,0.0,,strati,,,
414,1743.718680618199,6629.96301816572,-1930.3781868768856,0.0,,strati,,,
415,3971.253846402761,5944.558766066519,-2431.934148625073,0.0,,strati,,,
416,9303.015234515567,5012.274879270402,-1511.075172028179,0.0,,strati,,,
417,9303.09397733011,5011.332737374167,-1510.616980244757,0.0,,strati,,,
418,8808.926128640534,5727.672676368938,-911.0058130068008,0.0,,strati,,,
419,3734.445029732829,6774.831346517633,-799.987833020711,0.0,,strati,,,
420,8842.935802787197,5554.893324080977,-1988.327535372271,0.0,,strati,,,
421,2468.530056760708,2579.425641992345,-1800.4369832518912,0.0,,strati,,,
422,4882.572733047711,3430.430933446393,-1015.1241416029779,0.0,,strati,,,
423,8068.77846620827,2804.462608146757,-1828.5609214613073,0.0,,strati,,,
424,5634.7016099951015,2778.783339639044,-1323.5368981490512,0.0,,strati,,,
425,8393.381673151149,4070.7122646203493,-1314.1411824755587,0.0,,strati,,,
426,8678.377878826523,3847.4189124997633,-1494.9538980043674,0.0,,strati,,,
427,3760.3505025062627,6760.248377736952,-2216.4860090921266,0.0,,strati,,,
428,4738.14540006,2864.0435592309254,-1309.75117696556,0.0,,strati,,,
429,7754.574190743375,3232.613142395196,-1457.794238382902,0.0,,strati,,,
430,8037.586782619904,5335.9508257519265,-2297.096578443603,0.0,,strati,,,
431,5231.362968641454,6590.099897890424,-630.9420895184447,0.0,,strati,,,
432,7761.695365286269,5852.6296143738,-2252.3130811798583,0.0,,strati,,,
433,8473.96403443523,2894.903400086112,-2044.6643388228815,0.0,,strati,,,
434,5420.803476797702,5985.016900228256,-2408.938892720843,0.0,,strati,,,
435,8851.711307626356,6150.254356975237,-1834.991203886585,0.0,,strati,,,
436,8793.580212201081,4857.460325705767,-2049.146440759169,0.0,,strati,,,
437,4022.5283270621453,2393.5360865140797,-2101.8310802035635,0.0,,strati,,,
438,3207.218633510697,3724.7944657469734,-1077.1564274579575,0.0,,strati,,,
439,6259.088648082029,4223.541924960646,-897.6822575388146,0.0,,strati,,,
440,6272.38449426538,6646.008985823781,-678.0547867687886,0.0,,strati,,,
441,6096.66223116636,6619.906474641825,-666.690644462934,0.0,,strati,,,
442,6392.737875724547,6830.58209769978,-811.5691523511748,0.0,,strati,,,
443,8210.878986706439,6565.145402286907,-877.0207528116631,0.0,,strati,,,
444,8261.075390096707,6571.21767883733,-899.0344037420866,0.0,,strati,,,
445,2235.9754556032067,6877.887667892732,-1078.3610865275866,0.0,,strati,,,
446,9302.97999459728,5011.831451890216,-1511.0674940957272,0.0,,strati,,,
447,3681.3058101297984,6249.047127638108,-587.5352966744019,0.0,,strati,,,
448,3978.3942929159357,5977.0569897530295,-2426.2234616977194,0.0,,strati,,,
449,3972.9978257084144,2403.2486899862733,-2072.5622951255327,0.0,,strati,,,
450,3492.9764936010515,6525.000796854126,-715.284239771643,0.0,,strati,,,
451,7435.6447474425595,7081.015486127648,-1798.2898159654756,0.0,,strati,,,
452,3681.6271012431052,6167.011408833947,-564.3748068698904,0.0,,strati,,,
453,5241.629777531023,6544.547189034919,-605.8268008474618,0.0,,strati,,,
454,3588.0720617607935,2463.704927858231,-2055.1230639984865,0.0,,strati,,,
455,6535.020463040361,7309.612831459131,-1297.556451454008,0.0,,strati,,,
456,4558.242448178618,5385.424604391571,-2500.437467911513,0.0,,strati,,,
457,483.5524628705753,5609.62632606626,-1140.991475734808,0.0,,strati,,,
458,1779.7960481530558,4078.5409575620465,-2131.6990463333946,0.0,,strati,,,
459,8923.348984506758,4428.567438039033,-1946.0360301786754,0.0,,strati,,,
460,5106.167178909303,4850.207096357977,-2501.5336374851363,0.0,,strati,,,
461,5151.6925051415865,4994.753427930639,-2511.52336622908,0.0,,strati,,,
462,6901.260902675718,5526.772114904831,-2379.885950704531,0.0,,strati,,,
463,6877.074410310376,5611.325041852377,-2373.8586059287522,0.0,,strati,,,
464,2829.8916303772166,6718.2503536862305,-867.5667264361696,0.0,,strati,,,
465,6966.677228847415,7193.815775197723,-1728.4511585710247,0.0,,strati,,,
466,8175.199951747971,5830.882202325967,-2186.1751619604775,0.0,,strati,,,
467,994.4299844533889,4909.03968271121,-2026.543147433385,0.0,,strati,,,
468,6082.230094374478,6363.795306654653,-562.210167134812,0.0,,strati,,,
469,3451.788963434668,6401.109143856075,-2259.648954859227,0.0,,strati,,,
470,1217.35680290558,4419.51963045918,-2086.106477035082,0.0,,strati,,,
471,1922.7541345774662,2737.8547921388063,-1809.5618508331281,0.0,,strati,,,
472,1474.3916049774161,3147.9479362755,-2420.3769061375315,0.0,,strati,,,
473,2351.3472987043187,4505.004022887731,-797.324923553984,0.0,,strati,,,
474,4891.25828235884,6797.798178691259,-734.0434431478016,0.0,,strati,,,
475,6266.844801274213,7002.222018583867,-919.1827428687571,0.0,,strati,,,
476,6083.825748957607,6144.808588439681,-2313.175258977539,0.0,,strati,,,
477,2007.8658881672352,6059.97931838725,-719.2348095293083,0.0,,strati,,,
478,7724.256464775423,4449.126630419447,-2283.0633064748704,0.0,,strati,,,
479,1968.5479244846624,2681.7580750570482,-1840.3328575639932,0.0,,strati,,,
480,9059.592834804862,5516.981247113706,-1836.9387383657763,0.0,,strati,,,
481,6026.992103016783,5785.507820372442,-2408.936448207312,0.0,,strati,,,
482,943.6633259076417,5750.864379639477,-1900.1195786444127,0.0,,strati,,,
483,3610.896929897574,2764.0990331236485,-1478.1389294637356,0.0,,strati,,,
484,2736.529263747749,3745.491404630023,-1090.0975698862824,0.0,,strati,,,
485,7066.188647356938,6919.326243296336,-1903.7007049752558,0.0,,strati,,,
486,5321.236631067034,3734.173209383331,-895.4365334632129,0.0,,strati,,,
487,5033.43843005191,3929.3939049304054,-861.8789933468998,0.0,,strati,,,
488,7462.9934377076925,7279.949928073806,-1513.4347714457474,0.0,,strati,,,
489,1619.4745766565163,2909.4632380426897,-1774.751786630826,0.0,,strati,,,
490,8171.856049856191,3063.5278882989264,-1639.2545422719695,0.0,,strati,,,
491,8439.287304918216,5472.273226732461,-2181.739231178272,0.0,,strati,,,
492,8576.70342490562,3808.3965121530528,-1465.3842498562872,0.0,,strati,,,
493,4468.795992810116,7274.845562030858,-1107.4700991872007,0.0,,strati,,,
494,4043.2487709235816,4141.903719957252,-2363.6101127232196,0.0,,strati,,,
495,2189.742510000441,7017.437662436545,-1772.802658639527,0.0,,strati,,,
496,7762.641291814539,6492.44975409085,-2082.2843445363255,0.0,,strati,,,
497,3760.957372564596,3977.004090129226,-2325.7322415375775,0.0,,strati,,,
498,418.4276885364159,5267.315493356709,-1564.859270275269,0.0,,strati,,,
499,2104.8622989891173,5288.726978519243,-2317.657201061138,0.0,,strati,,,
500,9302.854475775453,5016.10936777088,-1510.081324323819,0.0,,strati,,,
501,3572.93614415742,5851.224297884173,-2367.14017159072,0.0,,strati,,,
502,878.0555221146976,3354.3848971510924,-1949.6222633308184,0.0,,strati,,,
503,3971.718139896972,6189.165800604134,-536.3680461715852,0.0,,strati,,,
504,8866.203429656485,3772.991206641906,-1629.7306350159952,0.0,,strati,,,
505,921.9676758683673,5123.223005099099,-791.9823044432557,0.0,,strati,,,
506,8900.262993122737,3669.4981885390876,-1697.9509016000031,0.0,,strati,,,
507,7804.148669274785,7211.309615530975,-1709.884480670219,0.0,,strati,,,
508,8280.11764340607,6813.785555043516,-1873.2585824827827,0.0,,strati,,,
509,3263.913162041063,2490.5386137571286,-2105.107899921561,0.0,,strati,,,
510,8420.097729475661,6081.413053746482,-2065.36037854732,0.0,,strati,,,
511,7397.175658144216,6555.900912005751,-2076.5936514191726,0.0,,strati,,,
512,5093.57128439945,5018.925390268955,-2512.4303098344876,0.0,,strati,,,
513,7887.732680801587,5268.592474769384,-2308.426706507932,0.0,,strati,,,
514,1670.736558331707,6563.807657882397,-1935.8374658446799,0.0,,strati,,,
515,9085.461374149796,4453.013041228133,-1797.512782266242,0.0,,strati,,,
516,3039.209997775376,2649.928426480587,-2417.9323393709215,0.0,,strati,,,
517,6151.285401347142,4546.230454361142,-2414.2177654632487,0.0,,strati,,,
518,450.4667579945495,5593.1283290314295,-1534.4324455802011,0.0,,strati,,,
519,2828.859142801691,3273.837528147662,-1314.1995907245655,0.0,,strati,,,
520,8731.917577968065,4222.06592579026,-1980.8972256044092,0.0,,strati,,,
521,3064.557250494864,2854.643183338588,-1449.8634135990753,0.0,,strati,,,
522,6711.3488157701,7364.358115485196,-1594.0973958746051,0.0,,strati,,,
523,8547.952815252354,2924.9056777674464,-1947.1287364157665,0.0,,strati,,,
524,1581.0079164350695,6493.666815340692,-1932.3189949502273,0.0,,strati,,,
525,4992.21223871409,3695.3811505098906,-2480.475544204468,0.0,,strati,,,
526,1965.0366582041156,3899.464771401856,-1155.9264377846769,0.0,,strati,,,
527,2270.1880342145982,3768.388094587459,-1136.1510026649248,0.0,,strati,,,
528,3760.6918735566665,4199.104471633142,-950.5206289790272,0.0,,strati,,,
529,4504.67260639876,5514.0705181944395,-359.6417240042651,0.0,,strati,,,
530,3311.7240766550335,7461.478028497326,-1675.672602613084,0.0,,strati,,,
531,4707.52229006608,4115.4112912344135,-852.2080339123527,0.0,,strati,,,
532,4675.535128749455,4218.051132323072,-838.8427507824376,0.0,,strati,,,
533,1163.8539043963406,5967.215960717274,-1998.7569145561883,0.0,,strati,,,
534,8135.951559754853,4583.596359596812,-2242.863278347663,0.0,,strati,,,
535,3655.818252031515,2801.615656941737,-1460.5348715507073,0.0,,strati,,,
536,3067.6333474062103,4575.924602495482,-2388.0974710497744,0.0,,strati,,,
537,7336.343506543268,6649.590030507423,-2035.157956394585,0.0,,strati,,,
538,2311.2468559965214,5469.8368351451945,-2327.3075296143384,0.0,,strati,,,
539,8835.267717925472,6172.467313891462,-1837.182131254056,0.0,,strati,,,
540,5682.994196769299,5453.1762163660105,-2481.2829523984315,0.0,,strati,,,
541,1313.4627937917132,3070.782560898233,-1721.7872822472345,0.0,,strati,,,
542,924.1445303390958,6352.0180452721925,-1544.575005667186,0.0,,strati,,,
543,4764.394523263617,3892.82975779711,-2342.0001740840385,0.0,,strati,,,
544,1868.2570537324204,6922.195311096923,-1747.5579573245634,0.0,,strati,,,
545,1677.5817285284284,5836.045572347713,-685.0649211056907,0.0,,strati,,,
546,4170.601533650953,5444.108537405316,-503.82135889798747,0.0,,strati,,,
547,4179.81024580856,5618.759884420412,-371.0354413047237,0.0,,strati,,,
548,3061.9797015285217,4596.188321832633,-2389.635631860698,0.0,,strati,,,
549,6069.378701143996,5820.84337373156,-2391.2833692627732,0.0,,strati,,,
550,6940.7128036759805,7075.644906639685,-1789.9656088747347,0.0,,strati,,,
551,3460.346170453142,2491.2811296979926,-2121.3889803584684,0.0,,strati,,,
552,1733.3585090233757,6056.435993888173,-2141.655467034632,0.0,,strati,,,
553,6677.018336351181,6341.714409414333,-549.9019587302056,0.0,,strati,,,
554,4881.494111291972,4733.279998467173,-2485.545722819907,0.0,,strati,,,
555,7500.384014101578,6834.93801633446,-834.409169327563,0.0,,strati,,,
556,2958.052205813066,7199.0711000225865,-1151.1872282022114,0.0,,strati,,,
557,2958.052205813066,7199.071100022586,-1151.1872282022114,0.0,,strati,,,
558,2140.436075573717,2535.3967394726496,-2071.4838913436324,0.0,,strati,,,
559,3036.529878394157,2544.6216654089535,-1852.753142087817,0.0,,strati,,,
560,5657.37656514652,3045.90310082622,-1203.1686848629463,0.0,,strati,,,
561,5952.319816435924,3867.134927522201,-2347.5070889084272,0.0,,strati,,,
562,3964.376672139393,5940.042439871215,-2432.444460366732,0.0,,strati,,,
563,3473.5906232072784,6037.3407639998695,-545.5574358211204,0.0,,strati,,,
564,6496.6227211354635,4786.347286819964,-2403.2198112936317,0.0,,strati,,,
565,4633.850915115245,3721.561236787238,-948.9682672502657,0.0,,strati,,,
566,6049.8939179620165,5763.558836426761,-2410.064857045437,0.0,,strati,,,
567,9153.707062559528,4911.946689892634,-1820.8433680821145,0.0,,strati,,,
568,8476.86382123904,4440.692872081238,-2147.3487534453493,0.0,,strati,,,
569,3515.338764715122,2500.2996012004637,-1972.5800456109714,0.0,,strati,,,
570,3845.0046696134723,4147.589865956606,-949.9305890419464,0.0,,strati,,,
571,7617.556796089868,2436.4633843859024,-1998.5108634398168,0.0,,strati,,,
572,7842.760910093332,3596.647312554405,-1332.5341171783248,0.0,,strati,,,
573,1944.6464198777985,4104.719067334793,-1105.8638891359913,0.0,,strati,,,
574,3435.9699699102116,2764.7609435883287,-2464.585061996317,0.0,,strati,,,
575,5242.146847402605,5666.472981437966,-2486.891428740349,0.0,,strati,,,
576,5970.745109714799,3937.9699067004963,-920.4445382457405,0.0,,strati,,,
577,7440.61557059122,5520.255798607568,-453.8215889437166,0.0,,strati,,,
578,2278.532197970202,3833.568954749091,-1119.6174218924184,0.0,,strati,,,
579,8474.818757837302,3535.0489521343657,-1925.6173805538813,1.0,,strati,,,
580,5794.6217321560325,3007.109632058989,-1408.4684317472481,1.0,,strati,,,
581,907.0718112686156,5420.393103650842,-1158.705024825937,1.0,,strati,,,
582,3267.690970908566,4119.966249935703,-1175.0502155889071,1.0,,strati,,,
583,6773.417336822072,4255.298193777607,-1096.827889687808,1.0,,strati,,,
584,7721.728043319524,5463.120951340413,-2162.4457089770067,1.0,,strati,,,
585,7760.701114793394,5770.104069913101,-2126.149115165898,1.0,,strati,,,
586,5393.878418967041,3954.608816539856,-2219.955507061496,1.0,,strati,,,
587,4501.174543330817,5460.872351550657,-469.4670007787375,1.0,,strati,,,
588,8578.838985571543,6190.590646600731,-1544.1578235804905,1.0,,strati,,,
589,8430.379910587877,6255.418614421272,-1314.313909194237,1.0,,strati,,,
590,8236.513819311844,6169.66212676993,-1021.2249060298772,1.0,,strati,,,
591,7622.274567170616,6648.6885604261415,-1121.4987789088811,1.0,,strati,,,
592,1665.7824999209442,5212.961389994404,-2009.0897668495866,1.0,,strati,,,
593,1063.1888845707242,5776.98186589876,-1280.3486766732656,1.0,,strati,,,
594,2243.3892391308386,5629.457166366054,-2121.4207366233254,1.0,,strati,,,
595,1828.879070066185,5695.458988938659,-2012.4280583843602,1.0,,strati,,,
596,8166.632753652132,4612.1706432483115,-2071.450478279207,1.0,,strati,,,
597,5757.3294773475245,4325.498612322845,-915.1266535711726,1.0,,strati,,,
598,5827.7633387041915,3759.9291998155577,-1088.618286440684,1.0,,strati,,,
599,4911.084844457588,5255.903747505739,-2394.7358152973393,1.0,,strati,,,
600,2854.513206608332,6668.051719347603,-1959.1117036853698,1.0,,strati,,,
601,5053.842237034744,6074.301889335374,-531.1635800864027,1.0,,strati,,,
602,8656.45052967154,4710.71053621289,-1841.6501757215772,1.0,,strati,,,
603,8634.42110715484,4903.653712508698,-1878.4075812719045,1.0,,strati,,,
604,2071.5591353504174,5788.465868167196,-829.8101509164525,1.0,,strati,,,
605,1920.4976951957074,5710.048334282806,-835.7272931791558,1.0,,strati,,,
606,1322.2462304884607,6147.017129885178,-1626.759752397488,1.0,,strati,,,
607,6129.886045670604,2585.9031087917815,-2352.2244981469007,1.0,,strati,,,
608,2092.6970339510112,6735.331183173304,-1309.3020257809055,1.0,,strati,,,
609,5496.012959582469,4161.509387979226,-2266.458677840624,1.0,,strati,,,
610,5501.9785669490775,4191.307452892014,-2269.997083739638,1.0,,strati,,,
611,1247.3872197856917,6144.31434635773,-1404.1882371542285,1.0,,strati,,,
612,4659.276780380655,6905.92445168905,-1022.6025694155372,1.0,,strati,,,
613,5856.852739458062,5887.471217497312,-539.4191845842868,1.0,,strati,,,
614,2223.146407851099,5394.781930818524,-702.2558133717399,1.0,,strati,,,
615,2563.550790390429,3783.574313182684,-1306.8470355966012,1.0,,strati,,,
616,2790.4187083736306,3594.738060658981,-1390.13216674965,1.0,,strati,,,
617,6474.007438453844,5812.751410521751,-2222.1014292932264,1.0,,strati,,,
618,3259.8777600769195,5694.130866150634,-649.1306245646686,1.0,,strati,,,
619,6650.294704378239,6325.225636450881,-2071.8866878673985,1.0,,strati,,,
620,5782.376677033969,6651.7259178450195,-893.2315897495585,1.0,,strati,,,
621,3475.418932542338,5975.397390914146,-2199.8631212171313,1.0,,strati,,,
622,4920.2505942752805,2551.5076483123307,-2094.2339131173567,1.0,,strati,,,
623,7285.695887733051,5971.201260937544,-2116.670689804061,1.0,,strati,,,
624,6832.907321880356,5929.834723202906,-2174.186147722248,1.0,,strati,,,
625,4393.665182171332,5875.484945913164,-535.9898883994865,1.0,,strati,,,
626,4284.50677699367,6263.385294160192,-2214.3018413571067,1.0,,strati,,,
627,4620.573564336012,5936.287127601345,-2334.233223541585,1.0,,strati,,,
628,847.080328689282,5466.071907800711,-1302.0902543386608,1.0,,strati,,,
629,4905.456888587416,5690.428771191143,-450.7716038266258,1.0,,strati,,,
630,5220.44935823949,6617.308158031305,-2117.7820935488494,1.0,,strati,,,
631,1043.3535127945488,5872.632869220227,-1518.9032483014084,1.0,,strati,,,
632,2264.8182473269085,5919.240526265667,-2064.690577844088,1.0,,strati,,,
633,5793.576964108237,5871.804780330699,-523.7265055061882,1.0,,strati,,,
634,5427.6979489715195,5809.533699903391,-491.79249478495836,1.0,,strati,,,
635,896.651599952514,5372.505246597081,-1155.0988106522518,1.0,,strati,,,
636,4360.349209015795,7116.28006110492,-1307.5454462115847,1.0,,strati,,,
637,4236.928077535412,7067.151718498685,-1205.8252923429718,1.0,,strati,,,
638,8097.064804532931,6061.119977878902,-1918.0939168573136,1.0,,strati,,,
639,7977.161958179142,6069.239191686999,-1940.7857423326118,1.0,,strati,,,
640,2559.678789491352,5882.981650970483,-784.7495518184347,1.0,,strati,,,
641,2550.7335259210877,5793.881735869677,-756.3823526979412,1.0,,strati,,,
642,7216.490361298336,6732.486217001769,-1119.386754133564,1.0,,strati,,,
643,7166.32986595254,5106.473468942839,-872.1156394948711,1.0,,strati,,,
644,6493.776222027236,5870.236254742713,-563.6100583387481,1.0,,strati,,,
645,2459.964510472016,6477.817482187867,-1064.7508304618593,1.0,,strati,,,
646,7547.4199938219235,5863.937258938314,-696.6835765071422,1.0,,strati,,,
647,5206.498877432654,6611.958879281553,-2132.203410944682,1.0,,strati,,,
648,2775.850395021609,6487.850833942065,-2009.7320154377244,1.0,,strati,,,
649,4089.5838217485084,6109.726044313274,-2252.7975615896785,1.0,,strati,,,
650,5101.787944338492,6095.16573896558,-535.3199741522851,1.0,,strati,,,
651,1125.6337711461028,4508.565275901847,-1770.4662251152793,1.0,,strati,,,
652,1208.5928282150232,4341.405509554742,-1746.1724352298068,1.0,,strati,,,
653,6773.598392809252,2774.607019507264,-1834.7823069787999,1.0,,strati,,,
654,6408.898261337089,2639.8425577535395,-1809.5774291508833,1.0,,strati,,,
655,7037.394490082481,3935.4492919807244,-2201.4687618712546,1.0,,strati,,,
656,1589.5025826854273,5680.928588883501,-899.65714105093,1.0,,strati,,,
657,3695.3222126367627,5405.944089396588,-2286.0168736886085,1.0,,strati,,,
658,1451.1645728799783,5500.897106872187,-1871.8221045586947,1.0,,strati,,,
659,4400.1013742042105,4042.193101488679,-1076.0699392026343,1.0,,strati,,,
660,4457.826399761505,2759.879300856722,-1657.6865125964193,1.0,,strati,,,
661,4322.293630246807,5636.9778683179065,-2361.734621243758,1.0,,strati,,,
662,5165.622792007277,2828.3704375250622,-2500.058050132035,1.0,,strati,,,
663,2460.148434950637,6604.479540165916,-1128.9446934841667,1.0,,strati,,,
664,3807.677607241383,5223.606829854601,-2295.943463648505,1.0,,strati,,,
665,6117.843469056548,5336.017878081645,-2323.0571568646624,1.0,,strati,,,
666,2862.3818212062556,6903.164202968315,-1285.640575171037,1.0,,strati,,,
667,2880.1262681718727,6899.1882821110485,-1196.7152144226413,1.0,,strati,,,
668,6071.569149786332,2475.0628647650065,-2030.1015607488355,1.0,,strati,,,
669,6349.200035346899,2615.4009246739515,-1829.571816366248,1.0,,strati,,,
670,5275.261338624692,4701.545803328298,-2375.515892356952,1.0,,strati,,,
671,5200.403853317677,4792.049255575269,-2387.2331657707537,1.0,,strati,,,
672,5219.007471623018,5006.573837095043,-2388.4348900237505,1.0,,strati,,,
673,7927.88196372501,3961.253268697129,-1408.686997151288,1.0,,strati,,,
674,2295.2989435549584,5759.5489138853,-766.012185298821,1.0,,strati,,,
675,7706.720571174479,4373.543270417309,-2128.1381340805838,1.0,,strati,,,
676,6889.500468193067,5996.11039985614,-624.2748701293193,1.0,,strati,,,
677,6893.848020559904,6156.626946311355,-685.0500276667325,1.0,,strati,,,
678,8724.004862897747,5760.826822286353,-1185.2895022231598,1.0,,strati,,,
679,6294.920687640391,6456.85663889564,-2062.878913919856,1.0,,strati,,,
680,6403.314544699659,6200.017664369508,-666.7206028613484,1.0,,strati,,,
681,1725.7477016099613,5726.399850531368,-884.6071094224105,1.0,,strati,,,
682,8399.327607838322,6269.880649205307,-1179.8634772324601,1.0,,strati,,,
683,7530.403061917715,2854.4699588058397,-2155.5662179601186,1.0,,strati,,,
684,7885.13576608258,6523.266537650227,-1732.0571657440546,1.0,,strati,,,
685,6696.967523166341,5320.978640896519,-623.6304995585372,1.0,,strati,,,
686,2541.140869283462,6624.526317980525,-1118.3847754060644,1.0,,strati,,,
687,4951.0230303273465,4531.822216144349,-2329.601749256098,1.0,,strati,,,
688,5508.454276632495,6463.1858709372755,-2125.6022236376475,1.0,,strati,,,
689,5287.820479989316,3124.425179996481,-1334.8108376570385,1.0,,strati,,,
690,5989.542885906422,6835.325471801161,-1093.6762893113114,1.0,,strati,,,
691,2879.8398706659495,5644.180637896687,-657.1031650129663,1.0,,strati,,,
692,7410.461117847334,4298.9493632430795,-2142.6992243987074,1.0,,strati,,,
693,4751.5423642174155,5129.297090726952,-2385.953124712659,1.0,,strati,,,
694,7776.769771046221,6186.779289471917,-1931.159115422921,1.0,,strati,,,
695,4067.5359786309414,7037.417399948202,-1807.3548919205682,1.0,,strati,,,
696,6902.899677666614,6475.115268484452,-826.2833467236159,1.0,,strati,,,
697,5343.543237551217,2619.2606561532957,-1935.5660491308038,1.0,,strati,,,
698,694.4137380203969,4978.220067922212,-1318.6556906181884,1.0,,strati,,,
699,3387.9129987961232,6264.179138538501,-824.2263425712723,1.0,,strati,,,
700,1293.920991321672,4285.807914813845,-1772.9704019854862,1.0,,strati,,,
701,3034.9342568341804,5238.112155238675,-2243.207940332285,1.0,,strati,,,
702,4279.947093099476,4526.933938346086,-2291.985118837204,1.0,,strati,,,
703,1052.6575821129902,5228.957857768396,-1750.8554141071122,1.0,,strati,,,
704,3051.13592911751,7065.070150638728,-1492.0071728590342,1.0,,strati,,,
705,1404.4075335535028,5997.155077742642,-1127.7606274447176,1.0,,strati,,,
706,6519.430742563168,6370.2102576444995,-733.0678468236647,1.0,,strati,,,
707,6764.409928504411,6441.355741461676,-780.9224161676772,1.0,,strati,,,
708,2204.862703935656,4668.679653022176,-2150.2022111699484,1.0,,strati,,,
709,3835.9620010257595,3242.760038939461,-2167.987126681727,1.0,,strati,,,
710,3684.973001105671,3054.1157400334746,-2487.2409394782467,1.0,,strati,,,
711,6561.905331683067,6379.81307735687,-2069.842463704887,1.0,,strati,,,
712,2463.6317828150077,4800.655024818451,-2168.0747073184893,1.0,,strati,,,
713,3090.5842452547718,5530.1978713374365,-2227.913676464875,1.0,,strati,,,
714,3760.695464742864,4902.114619018272,-2290.185433826291,1.0,,strati,,,
715,4823.895999921181,2763.7639072446113,-2405.6918703718407,1.0,,strati,,,
716,5626.2421617991195,5717.4974180241325,-2339.71353018824,1.0,,strati,,,
717,7874.8297161467135,4021.5874935210522,-1389.682330210285,1.0,,strati,,,
718,2742.2763279792043,6876.063591320161,-1803.6182781713476,1.0,,strati,,,
719,7806.2661626278295,3630.745078808196,-1516.9691590736877,1.0,,strati,,,
720,4692.284647383828,6202.074760423212,-591.3268574089789,1.0,,strati,,,
721,1026.5417567357938,5391.440417390191,-1077.8193793970022,1.0,,strati,,,
722,2854.4365221012017,5246.663881510127,-619.4564881335816,1.0,,strati,,,
723,5456.799394696541,5452.376538713117,-2397.861148856651,1.0,,strati,,,
724,5379.089500692657,5448.370939082561,-2403.155206819688,1.0,,strati,,,
725,5874.5246442991365,6893.792027501496,-1177.6246378373376,1.0,,strati,,,
726,7469.2095151386575,2845.10806971523,-2117.728309473567,1.0,,strati,,,
727,5390.908494375371,3782.524996079828,-1065.7422295453307,1.0,,strati,,,
728,2239.622927486984,6589.469847758163,-1863.3036457475644,1.0,,strati,,,
729,5472.400822509537,3516.2497600271477,-1153.643749981713,1.0,,strati,,,
730,2388.455116151463,3101.5965359937895,-1760.7863364704397,1.0,,strati,,,
731,6880.3589561636245,2801.3730771465684,-2317.361551917062,1.0,,strati,,,
732,8402.921330168461,4992.841391171197,-1963.7870427721027,1.0,,strati,,,
733,5931.256515073804,3242.37248480504,-1331.020110019628,1.0,,strati,,,
734,2119.998789322121,5705.412518490102,-778.7793809131566,1.0,,strati,,,
735,932.2663820787872,5459.45539126032,-1383.7392643620553,1.0,,strati,,,
736,4693.088144673757,3027.99934658338,-1440.2651166236733,1.0,,strati,,,
737,7473.576545193599,3424.1369987296966,-1531.9565732965928,1.0,,strati,,,
738,2158.072017044002,6651.10050876442,-1645.1519722375558,1.0,,strati,,,
739,6513.570771210648,5177.6230353991805,-2297.9189860618126,1.0,,strati,,,
740,6166.548595550396,2749.6928473048188,-2492.192337214954,1.0,,strati,,,
741,1808.5437038477876,3676.7740664285375,-1496.8238524681121,1.0,,strati,,,
742,3071.3380594248647,3900.700938210717,-1232.994554695427,1.0,,strati,,,
743,5982.518654291025,4849.209289581107,-2300.1668992489317,1.0,,strati,,,
744,5886.9712600201565,7009.79690678729,-1345.3148562261265,1.0,,strati,,,
745,5594.312108817229,7056.5198994449765,-1404.9493925868771,1.0,,strati,,,
746,4273.038725029127,5657.854422440492,-2357.080118767661,1.0,,strati,,,
747,4287.285713107192,5668.528495581423,-2356.9389362410375,1.0,,strati,,,
748,5270.164977691506,6229.659888812261,-2234.2537848312795,1.0,,strati,,,
749,5358.925584770451,6119.207883843012,-2282.9977765527906,1.0,,strati,,,
750,3933.0898064186176,6566.42193105761,-2111.004494471648,1.0,,strati,,,
751,6637.097202313947,4101.293669071529,-2213.1791566660927,1.0,,strati,,,
752,6682.486008132099,4060.3296618777526,-2201.7048434699964,1.0,,strati,,,
753,8424.909752968782,6194.2033501689475,-1688.351019617206,1.0,,strati,,,
754,8414.055552995085,6465.507882588333,-1457.7446168108331,1.0,,strati,,,
755,5228.921569761842,5407.570085152872,-457.05751104268484,1.0,,strati,,,
756,6433.457160228492,3872.8778051054496,-1158.0051302793706,1.0,,strati,,,
757,6843.604122182003,6422.076428099945,-782.3457085095476,1.0,,strati,,,
758,5578.892828367523,7110.171973734164,-1549.553511854145,1.0,,strati,,,
759,5200.385311724769,7142.8131465955,-1459.9436815948457,1.0,,strati,,,
760,4970.362008193647,2592.9800342452704,-2188.386752796115,1.0,,strati,,,
761,6121.808169685998,2469.5421824679725,-2257.382066815701,1.0,,strati,,,
762,3786.0576212689534,5395.476380455339,-2297.209173313494,1.0,,strati,,,
763,5992.012566348564,3481.4513906699126,-1203.3225343467586,1.0,,strati,,,
764,7927.613630800041,5271.184837155668,-2151.873170751235,1.0,,strati,,,
765,7996.92589322117,5323.401510413507,-2118.5782088997944,1.0,,strati,,,
766,3917.0339099652665,6515.231281729216,-2137.7516007393206,1.0,,strati,,,
767,1012.0420625200846,5754.865394627727,-1525.2060729076513,1.0,,strati,,,
768,7420.454815923291,6307.273632488768,-804.4024673667678,1.0,,strati,,,
769,7288.022745173644,6341.510492222465,-798.4644678737127,1.0,,strati,,,
770,3908.373965252516,7172.327713988007,-1518.3467404585929,1.0,,strati,,,
771,6692.264580565509,6861.994125001075,-1656.958855981714,1.0,,strati,,,
772,6735.598020561176,6642.299352990063,-1848.7812144150878,1.0,,strati,,,
773,3474.709812411692,5975.037764867972,-2199.9006461769945,1.0,,strati,,,
774,8095.739708150125,5871.274794339407,-2006.4286278742443,1.0,,strati,,,
775,7543.3317750384995,3834.7745471304934,-1369.8222688093565,1.0,,strati,,,
776,3824.7866767886853,6948.689259000037,-1151.9146800826466,1.0,,strati,,,
777,2984.366440175795,5215.791827161166,-2231.1126240013004,1.0,,strati,,,
778,4332.91225495756,2641.315979461628,-2151.528039995912,1.0,,strati,,,
779,5031.98865727289,4362.21351542669,-2310.45011931716,1.0,,strati,,,
780,5963.465917830116,6240.332872975479,-686.0934397943763,1.0,,strati,,,
781,2504.5084700940383,4037.5287202159516,-2079.6426283660735,1.0,,strati,,,
782,8125.982435760415,5816.399059321805,-2008.9957857275565,1.0,,strati,,,
783,2830.4198980587366,6866.874971636928,-1182.123569144499,1.0,,strati,,,
784,6020.527313108132,7023.657841514864,-1648.912158824503,1.0,,strati,,,
785,5974.546821273268,7038.6788996759005,-1647.5569101153349,1.0,,strati,,,
786,6886.068469629406,6636.98397059404,-1828.6564406006369,1.0,,strati,,,
787,1627.1480115160282,3604.7643524226487,-1659.378471333846,1.0,,strati,,,
788,1675.8123168303741,5188.641553932757,-847.856688733302,1.0,,strati,,,
789,5166.985705025748,7126.076674853428,-1495.6111154799066,1.0,,strati,,,
790,8015.671375284973,5643.0477521024195,-784.0158266904779,1.0,,strati,,,
791,6184.886826057183,5548.837395024521,-467.8489861936345,1.0,,strati,,,
792,7040.999967461186,6294.42931640243,-2054.8441060007376,1.0,,strati,,,
793,1398.339370501761,4904.788332304262,-1932.953379887755,1.0,,strati,,,
794,7139.112350231098,6331.635247231314,-1995.6178747499675,1.0,,strati,,,
795,7060.957811007493,6384.086480704174,-1956.7064511362369,1.0,,strati,,,
796,1519.056375943045,6045.6501940763565,-1817.3237852972384,1.0,,strati,,,
797,7179.7324173622355,2964.133706343431,-1726.8871540197117,1.0,,strati,,,
798,2241.4974423906215,3578.921577314457,-1439.6989654060446,1.0,,strati,,,
799,5271.652931754671,5401.847103063704,-470.40211355635836,1.0,,strati,,,
800,4600.178037197125,7154.943626082847,-1342.9117958734007,1.0,,strati,,,
801,3913.5943370179443,5825.843988386843,-2290.8022649698064,1.0,,strati,,,
802,8018.0906022645995,4368.271638201384,-2058.155753463423,1.0,,strati,,,
803,8710.809460913737,5374.557584119302,-1045.5029580982878,1.0,,strati,,,
804,4088.6742198330803,6180.155846571039,-678.6557072557928,1.0,,strati,,,
805,4882.665422513885,7087.226241733371,-1764.641488060709,1.0,,strati,,,
806,5087.810530334422,6981.698672018752,-1894.635209901006,1.0,,strati,,,
807,6187.456487249373,4143.982825301458,-1035.9319080214207,1.0,,strati,,,
808,6528.989964390955,3208.1947770089587,-1448.0458244649235,1.0,,strati,,,
809,7353.67150214719,5918.510983890138,-2119.0686066862204,1.0,,strati,,,
810,7414.06240016359,6029.759961057935,-2095.2467031606516,1.0,,strati,,,
811,2225.4254348377476,3570.9370969114807,-1450.093456819011,1.0,,strati,,,
812,5146.136703589357,5030.921729780205,-2389.1377667785737,1.0,,strati,,,
813,4253.415845032599,6062.628993696097,-2285.720476730861,1.0,,strati,,,
814,4697.559255786895,7139.810143402263,-1312.5228559273553,1.0,,strati,,,
815,1008.1074717227789,5010.718170278812,-1049.4760434225982,1.0,,strati,,,
816,6924.239860817814,6451.160593447048,-1944.5386564520368,1.0,,strati,,,
817,6957.883273786236,6714.468994378083,-1756.0905385637202,1.0,,strati,,,
818,4952.022264156983,3852.525947871493,-1050.8215906260366,1.0,,strati,,,
819,6494.5832276965075,4561.257842124204,-2254.9930603671937,1.0,,strati,,,
820,1032.759528705229,4985.28346411961,-1066.8237764996734,1.0,,strati,,,
821,1032.911615020849,5210.15773402249,-1735.9915761554032,1.0,,strati,,,
822,1379.1059423495667,4904.29733955952,-1920.4848803471832,1.0,,strati,,,
823,6797.912796585432,6793.085460240005,-1077.3762122569258,1.0,,strati,,,
824,5927.398626704609,2657.4915516871843,-1653.2087503225725,1.0,,strati,,,
825,2705.2780227006547,5919.654398117917,-2132.8115293019737,1.0,,strati,,,
826,5217.448325417569,4670.8826153596165,-2376.9124767716394,1.0,,strati,,,
827,5218.78460575056,4596.221813949715,-2365.223976843572,1.0,,strati,,,
828,5785.358973207004,6219.274825432285,-2165.961593805311,1.0,,strati,,,
829,6241.096715144327,3338.6960915257046,-1312.1864495468567,1.0,,strati,,,
830,4262.428345324181,2861.6313533919038,-2400.9189928949195,1.0,,strati,,,
831,2674.918372428237,6240.530470412703,-2086.359766942744,1.0,,strati,,,
832,2677.9243951377084,6203.369516087219,-2105.2342558375885,1.0,,strati,,,
833,6186.983447670829,4183.821078238704,-1027.2348848695376,1.0,,strati,,,
834,6192.824361462409,4173.364224702198,-1026.4327415838093,1.0,,strati,,,
835,6131.257067217914,2811.2105278508966,-2546.717006603926,1.0,,strati,,,
836,7650.222097823462,5422.516059456442,-666.7395643560377,1.0,,strati,,,
837,6389.892033664001,6817.077448778526,-1106.8056354822334,1.0,,strati,,,
838,6215.085468835728,6907.895767616444,-1167.4679997675614,1.0,,strati,,,
839,7934.292834967361,3058.9125700369377,-2042.5715222267904,1.0,,strati,,,
840,4511.615265789623,7075.60903134517,-1234.854697394851,1.0,,strati,,,
841,5471.9591677109,2849.953784238629,-2485.615938016738,1.0,,strati,,,
842,2995.1740060192114,4207.7368694137485,-2147.050426502171,1.0,,strati,,,
843,3005.0112458716753,4254.073444647036,-2148.967364441888,1.0,,strati,,,
844,6223.488750508265,5733.848841638124,-520.9653771003645,1.0,,strati,,,
845,2215.384006209625,6606.602022111641,-1846.5654032914565,1.0,,strati,,,
846,7011.609026996106,2923.428204098368,-2366.240096895014,1.0,,strati,,,
847,5097.635181211821,6119.1328493669125,-543.8943332400659,1.0,,strati,,,
848,3901.404965564506,2813.8530607549324,-1749.5708724000228,1.0,,strati,,,
849,5023.737500774556,6958.861160161346,-1037.5732260948462,1.0,,strati,,,
850,4117.84004962295,4292.887104365629,-1046.311661366819,1.0,,strati,,,
851,2751.377389733405,4905.786699998344,-2215.849444461612,1.0,,strati,,,
852,2739.3686511112837,4905.548540516609,-2214.181449754648,1.0,,strati,,,
853,3749.876446305606,5380.270641834204,-2288.711695994256,1.0,,strati,,,
854,6821.65817308287,5891.847214005874,-2181.9366112876573,1.0,,strati,,,
855,6379.536430162264,2630.8864641447367,-1823.7557149697006,1.0,,strati,,,
856,7148.80159256272,4123.1474358980095,-2173.4755679255013,1.0,,strati,,,
857,5555.990628993647,6065.590216158655,-2267.984740893699,1.0,,strati,,,
858,5576.248546974361,4257.720402737067,-973.1923699035609,1.0,,strati,,,
859,5825.870048467553,4245.72177398004,-991.3193721265459,1.0,,strati,,,
860,3575.4322439614634,4155.480354435427,-2213.137154875123,1.0,,strati,,,
861,4415.925122016272,3354.0429755798286,-1298.380217369219,1.0,,strati,,,
862,7307.608765765472,5102.848254669106,-2222.749341943964,1.0,,strati,,,
863,8272.866426136505,5390.486820746369,-2046.2744774634277,1.0,,strati,,,
864,2767.6895740412124,3050.353376274268,-2343.8041994567952,1.0,,strati,,,
865,5727.767489739689,4561.1470463016085,-2323.078436316965,1.0,,strati,,,
866,4501.174543330817,5460.872351550657,-469.46700077873754,1.0,,strati,,,
867,4667.904346213673,7115.339654920712,-1259.4452475054238,1.0,,strati,,,
868,4818.60306656935,7082.226997456684,-1198.6129116748552,1.0,,strati,,,
869,3058.049667710353,2967.65811894366,-1892.089431948816,1.0,,strati,,,
870,692.0575982938153,4979.365999774355,-1311.8999313732327,1.0,,strati,,,
871,5497.454961260063,5028.992351303233,-2349.9271231632783,1.0,,strati,,,
872,3815.360158672317,3113.407473488348,-1541.039391156121,1.0,,strati,,,
873,8695.23093045818,5888.179106774726,-1635.9783681998892,1.0,,strati,,,
874,7309.894024085555,5905.668679445448,-650.7489075235646,1.0,,strati,,,
875,4334.324569600297,5674.559734362597,-2358.3201040193644,1.0,,strati,,,
876,6207.419677210555,4181.754737060396,-1030.8249437139687,1.0,,strati,,,
877,3054.7126862476703,6395.7126351482375,-2057.856686155759,1.0,,strati,,,
878,6114.772772391286,4205.58572497627,-2270.2826310572596,1.0,,strati,,,
879,6726.200336770866,5452.785353153926,-518.42813678791,1.0,,strati,,,
880,7856.158423136336,5353.355689887194,-2166.2031211591516,1.0,,strati,,,
881,2987.080891620238,7078.074738494201,-1530.9861847101804,1.0,,strati,,,
882,7804.615327760378,3598.1349034612126,-1533.4676687015087,1.0,,strati,,,
883,8832.271325199792,5534.022591376684,-1555.1545525182917,1.0,,strati,,,
884,6001.449485147011,4032.919928339114,-2245.887523697028,1.0,,strati,,,
885,5760.045623874195,4082.852749774931,-2244.418898243274,1.0,,strati,,,
886,4219.387910816929,4060.3879895711857,-2192.253738932384,1.0,,strati,,,
887,6356.693954211955,5798.19720824474,-2236.466704152642,1.0,,strati,,,
888,6137.979225737129,5742.219132845372,-2257.007286527081,1.0,,strati,,,
889,5693.527832845013,2939.72005160059,-1436.967749382493,1.0,,strati,,,
890,3434.864040058784,3550.447207933044,-1349.6056075810025,1.0,,strati,,,
891,5672.439943165748,6958.520009820544,-1794.777736233334,1.0,,strati,,,
892,6133.197182130968,6049.901262947496,-2170.7774642085383,1.0,,strati,,,
893,8885.153451957622,5121.947015953389,-1313.768696483669,1.0,,strati,,,
894,7756.1464853529,5787.20534325107,-2123.4569617943444,1.0,,strati,,,
895,5440.003848795996,5985.039350334977,-2287.5810266500785,1.0,,strati,,,
896,7895.343297658957,5531.5641764579395,-732.8975965898726,1.0,,strati,,,
897,3395.4556776335726,3086.8220880882627,-1662.3206317597637,1.0,,strati,,,
898,8747.58413069729,5752.386230048829,-1602.4172488232077,1.0,,strati,,,
899,4455.991919204434,4096.015164450082,-1051.0049351325142,1.0,,strati,,,
900,6456.911207464884,5216.165814652778,-2309.9938393238485,1.0,,strati,,,
901,3770.1856869952776,2813.3392534342224,-2076.2421379055622,1.0,,strati,,,
902,3281.517075587658,6168.160001831853,-792.8368304805568,1.0,,strati,,,
903,3921.742599217371,2974.1801056420454,-1577.0956829332326,1.0,,strati,,,
904,2687.5347368213834,5314.9605561563785,-636.0701558222496,1.0,,strati,,,
905,6295.038444538877,7015.830239633737,-1482.8307465218695,1.0,,strati,,,
906,3404.9391858555064,3025.602292677288,-1707.7480566370207,1.0,,strati,,,
907,4105.0683704105695,4308.395709041483,-1030.717624201114,1.0,,strati,,,
908,5228.596785471538,2792.111153308237,-2453.2011252259053,1.0,,strati,,,
909,6924.2870574579465,5704.354046255118,-554.684001248262,1.0,,strati,,,
910,6509.854352010917,5227.9119326795535,-2300.5299776543025,1.0,,strati,,,
911,2763.5118050247115,5208.952425810864,-747.6325936699261,1.0,,strati,,,
912,2741.0813351030883,6292.750792161138,-2085.019144268839,1.0,,strati,,,
913,5960.829655288117,6168.333523801948,-2165.7630446333296,1.0,,strati,,,
914,1989.4268820662423,6357.120728251327,-1099.6488577718621,1.0,,strati,,,
915,6744.22899966268,6955.108390337029,-1438.7620892420373,1.0,,strati,,,
916,2907.8811592134466,6907.253905974331,-1187.4900530523882,1.0,,strati,,,
917,6934.629311461727,4666.262996971565,-2228.0229005635642,1.0,,strati,,,
918,7330.675581406873,6791.899704990263,-1682.7848091765563,1.0,,strati,,,
919,5200.69559590785,3673.710317187229,-1110.3457315406686,1.0,,strati,,,
920,7996.786422633577,5341.848396562744,-760.5078083718398,1.0,,strati,,,
921,4436.493215240268,3076.698185703225,-1431.467270211033,1.0,,strati,,,
922,6988.29045351123,5376.297731346917,-562.2852077208761,1.0,,strati,,,
923,5592.0842538913785,4693.780306863116,-2333.6490922518256,1.0,,strati,,,
924,3736.183906879575,3961.732813341162,-1197.8033850677884,1.0,,strati,,,
925,2537.065432161361,3871.8890044188893,-1275.7263912976327,1.0,,strati,,,
926,7629.146298043665,3001.9099600944323,-1911.606615593193,1.0,,strati,,,
927,1131.504627078197,5703.408023628173,-1104.3947852358685,1.0,,strati,,,
928,5654.623360787254,4004.969298477488,-1010.4609112747098,1.0,,strati,,,
929,6147.486329450161,4156.33007149354,-1027.068851612963,1.0,,strati,,,
930,4572.18693251292,4417.7234546974,-971.6273591048958,1.0,,strati,,,
931,4306.68910812866,4580.784412646612,-2302.457937609497,1.0,,strati,,,
932,1970.0544248114343,5365.699614876722,-729.1415907735474,1.0,,strati,,,
933,3777.580498946592,4307.13138759138,-1039.3010709917048,1.0,,strati,,,
934,3602.350300833545,6267.72122813732,-2150.218324684249,1.0,,strati,,,
935,1886.7195384562078,3173.5478684358427,-1935.9889940565577,1.0,,strati,,,
936,1795.6006206870425,6061.666486698755,-1919.197440704464,1.0,,strati,,,
937,6491.924153728081,4558.211058297659,-2254.9180836777427,1.0,,strati,,,
938,6454.210462225075,5748.309462607286,-2236.8774437393727,1.0,,strati,,,
939,2435.667338436527,2953.109739274793,-1873.2504507546457,1.0,,strati,,,
940,7920.187755202227,4201.2492186701365,-1991.240607640965,1.0,,strati,,,
941,5350.205910384012,3646.965267058491,-1107.8089902572533,1.0,,strati,,,
942,7792.86679934657,5017.878820239712,-2145.7414728629337,1.0,,strati,,,
943,5866.643881065833,6579.592709952984,-2018.2625116586335,1.0,,strati,,,
944,6905.188316340489,2807.9962862673274,-2137.744881180573,1.0,,strati,,,
945,6437.243883255892,5541.842511933907,-499.69761448524986,1.0,,strati,,,
946,8214.356918625235,4414.313786080429,-2017.0649480040036,1.0,,strati,,,
947,2618.651232009855,5450.835265971347,-2190.096892052662,1.0,,strati,,,
948,1821.1438510916805,3216.1274701820234,-2170.6402791600503,1.0,,strati,,,
949,4985.503891128484,7027.417498132987,-1088.3142766756005,1.0,,strati,,,
950,8918.00816144751,5218.610031388282,-1401.6651411511875,1.0,,strati,,,
951,3611.2227864649035,2889.674633336494,-1907.0132552528848,1.0,,strati,,,
952,7011.609026996106,2923.428204098368,-2366.2400968950133,1.0,,strati,,,
953,7381.11135091265,6627.7073508287,-1801.5664185868604,1.0,,strati,,,
954,4419.920969860717,6327.770203065862,-680.4347570096023,1.0,,strati,,,
955,6081.454968184872,6688.611703288855,-1940.70080265323,1.0,,strati,,,
956,7343.71273095607,6394.643328821161,-1928.0189230447647,1.0,,strati,,,
957,3742.1226732485466,6602.388875695849,-911.6240236428564,1.0,,strati,,,
958,7583.658483601713,5172.54354923294,-778.7196132066574,1.0,,strati,,,
959,8374.763546491364,5367.840128906887,-873.5250007413233,1.0,,strati,,,
960,1632.341158175546,5247.380295852362,-810.724129165063,1.0,,strati,,,
961,2320.9173596795363,5071.651528527475,-2181.4283059188265,1.0,,strati,,,
962,2984.9112627412233,5366.465198734385,-2230.734158758288,1.0,,strati,,,
963,6647.371255200744,2995.780093200944,-2491.063190685398,1.0,,strati,,,
964,5469.93412425817,6181.953542865564,-609.5426549193398,1.0,,strati,,,
965,3802.35499793383,2967.9793834844672,-2430.6863078891365,1.0,,strati,,,
966,4955.316576488659,3844.605539193261,-1053.133450164002,1.0,,strati,,,
967,7996.92589322117,5323.401510413507,-2118.578208899795,1.0,,strati,,,
968,2951.074461376435,4515.210854751683,-2191.5925598561107,1.0,,strati,,,
969,7344.060888229637,3486.965122498394,-1466.5413956505158,1.0,,strati,,,
970,1901.8573736089331,3664.2611785170543,-1475.8284624771288,1.0,,strati,,,
971,2176.066097281089,2986.851316806511,-2132.7571298508165,1.0,,strati,,,
972,4618.483266360552,4354.179531899807,-997.9554433974567,1.0,,strati,,,
973,4691.595115297074,6196.14718813612,-589.1276293532865,1.0,,strati,,,
974,6565.012241175077,3030.831953094138,-2528.687823366018,1.0,,strati,,,
975,6647.787189537405,2946.6013915813182,-2474.4876145290477,1.0,,strati,,,
976,6793.243861133501,3017.900069647868,-2485.5280200726625,1.0,,strati,,,
977,6876.604119652964,6027.108318681889,-634.8791059703557,1.0,,strati,,,
978,5922.336600607461,5863.107389473487,-2260.8013285626434,1.0,,strati,,,
979,7583.480862616889,6580.961860642268,-1751.958945412074,1.0,,strati,,,
980,4322.293630246807,5636.9778683179065,-2361.734621243758,1.0,,strati,,,
981,7884.452278146144,6531.138003202609,-1725.66697511505,1.0,,strati,,,
982,3568.1847216042333,6849.306905463025,-1916.0654740982764,1.0,,strati,,,
983,2141.840264264048,3982.5505164825804,-1325.9601464102473,1.0,,strati,,,
984,4924.038621379436,3172.7437911224465,-1355.0298944657968,1.0,,strati,,,
985,4719.072929332718,3659.0246984182604,-1130.5087189288495,1.0,,strati,,,
986,7366.061816175799,5626.810610319749,-609.5348634752197,1.0,,strati,,,
987,4209.794884966689,2831.4922410720324,-1629.988269332883,1.0,,strati,,,
988,4103.159129704506,5336.113606478348,-2356.985888347605,1.0,,strati,,,
989,4362.443997959492,7090.036639663359,-1745.452837297766,1.0,,strati,,,
990,5070.215530962246,5630.951854047629,-2366.8614457289614,1.0,,strati,,,
991,4147.775731353481,6573.935487085804,-834.2719332964261,1.0,,strati,,,
