X,Y,Z,name
521588.3817254504,7500713.701949331,596.2389787218352,Mount_McRae_Shale_and_Mount_Sylvia_Formation
520790.42998466,7500582.96937573,592.253634860429,Mount_McRae_Shale_and_Mount_Sylvia_Formation
519713.53061227,7500191.47044685,548.4814242803504,Mount_McRae_Shale_and_Mount_Sylvia_Formation
527989.1321683651,7501093.758504495,546.0052443577555,Mount_McRae_Shale_and_Mount_Sylvia_Formation
526591.88981018,7500682.03115599,545.2800187622879,Mount_McRae_Shale_and_Mount_Sylvia_Formation
525164.74149011,7500478.01038839,555.8617935154689,Mount_McRae_Shale_and_Mount_Sylvia_Formation
522249.9582507248,7500072.981502291,542.2788204650827,Wittenoom_Formation
521177.75841614,7500024.97138615,529.7766110744667,Wittenoom_Formation
519637.3397091,7499435.95032536,515.4533338163503,Wittenoom_Formation
524500.3112717137,7500180.372155858,543.2555005725637,Marra_Mamba_Iron_Formation
522960.03946771007,7499706.49144167,556.3080980307724,Marra_Mamba_Iron_Formation
522503.1624246932,7499751.781237598,552.6455814320934,Marra_Mamba_Iron_Formation
522476.74840981024,7499754.399634302,552.7089652819747,Marra_Mamba_Iron_Formation
522349.8299966399,7499766.98093844,552.5575026437795,Marra_Mamba_Iron_Formation
521446.58837318,7499727.47903245,544.7599128787926,Marra_Mamba_Iron_Formation
519841.0594231,7499099.46094983,510.4416466770517,Marra_Mamba_Iron_Formation
519572.569,7506919.653164822,532.9618589099446,Boolgeeda_Iron_Formation
523662.65909768,7507681.0381808,553.2648872207582,Boolgeeda_Iron_Formation
529551.01978011,7508858.65138341,581.7083409494871,Boolgeeda_Iron_Formation
533875.92854063,7510158.20165744,616.5073953571946,Boolgeeda_Iron_Formation
536393.60892459,7510158.2014165,629.228216772643,Boolgeeda_Iron_Formation
535743.8194369,7508818.17833917,611.1458210860466,Boolgeeda_Iron_Formation
535358.02175147,7508351.18076111,609.3202920853506,Boolgeeda_Iron_Formation
534911.29167542,7507518.66967506,599.0449213039676,Boolgeeda_Iron_Formation
533205.68845587,7506665.63972613,580.0982790689711,Boolgeeda_Iron_Formation
531001.42194969,7505585.11938846,574.2794145236784,Boolgeeda_Iron_Formation
529322.88104122,7504699.10135013,565.2706265945344,Boolgeeda_Iron_Formation
523439.03043066006,7503868.01829011,541.276747612409,Boolgeeda_Iron_Formation
520271.90028074,7503274.97976098,521.912553357591,Boolgeeda_Iron_Formation
519572.569,7507766.246884461,542.7168572452176,Woongarra_Rhyolite
522495.61959948,7508412.01979069,552.9670884769316,Woongarra_Rhyolite
526304.17840575,7509047.07942464,583.7141563470542,Woongarra_Rhyolite
530282.09052034,7510219.19158976,600.8217728744048,Woongarra_Rhyolite
534870.88095819,7511559.22093089,631.9155659421023,Woongarra_Rhyolite
538626.99914284,7510523.67919797,624.8957946700594,Woongarra_Rhyolite
539134.55076838,7509041.66952426,624.3015766560775,Woongarra_Rhyolite
538586.3296624,7507965.16974012,614.1549351374647,Woongarra_Rhyolite
536616.77152144,7506544.1692011,600.5124332192406,Woongarra_Rhyolite
533022.90101448,7505082.13039538,599.8090861379058,Woongarra_Rhyolite
530465.3792449997,7503909.425370066,583.392539044974,Woongarra_Rhyolite
530319.3128349313,7504032.27263876,578.7014660532686,Woongarra_Rhyolite
529716.55964073,7503911.60101499,573.5610983017838,Woongarra_Rhyolite
526610.59938969,7503255.54021624,545.968824012904,Woongarra_Rhyolite
521973.58024352,7502730.49043618,539.1730784270144,Woongarra_Rhyolite
519573.79761216,7502354.69554128,527.1153294069981,Woongarra_Rhyolite
526916.84106346,7507564.58170035,558.8334233069431,Turee_Creek_Group
532013.40103517,7508548.66975352,592.5515072828825,Turee_Creek_Group
533041.40998231,7507717.67045971,590.6297171562805,Turee_Creek_Group
530875.89983758,7506317.63290814,569.996589612033,Turee_Creek_Group
529279.14016946,7505442.59959089,557.2301136649468,Turee_Creek_Group
521098.6489178,7503867.99041291,524.6091276906482,Turee_Creek_Group
519572.569,7503642.476036774,517.5133388151949,Turee_Creek_Group
519572.569,7506415.70848239,524.9495887571422,Turee_Creek_Group
524292.05838839,7507105.03680003,549.5001310148905,Turee_Creek_Group
525888.77727527,7507345.55938777,554.7882533605406,Turee_Creek_Group
537228.8586177184,7489723.89,490.9841349658364,Jeerinah_Formation
537136.6858178998,7490703.924424739,521.2057600449255,Jeerinah_Formation
537401.1220384373,7490669.376894541,533.518686059173,Jeerinah_Formation
538098.5807296064,7491614.983991615,495.7488496293592,Jeerinah_Formation
538118.7718065,7491627.770999412,496.1750126222246,Jeerinah_Formation
538793.6143659471,7492705.192177935,528.7173004470263,Jeerinah_Formation
539046.7372375808,7492281.606914593,528.6461507611348,Jeerinah_Formation
540786.52025592,7493232.14143132,529.4463422204235,Jeerinah_Formation
541365.193430916,7493579.160698384,530.1529944233807,Jeerinah_Formation
541969.616958688,7493291.244828189,551.1850478189867,Jeerinah_Formation
542743.63076161,7494233.64081736,530.7027792422261,Jeerinah_Formation
544641.63007444,7494840.64857289,519.4541952955382,Jeerinah_Formation
547188.05976293,7495399.67004701,555.0526016730425,Jeerinah_Formation
548863.0792892,7495925.17907794,561.2273237809617,Jeerinah_Formation
551376.73608185,7496433.79117526,551.1847949306305,Jeerinah_Formation
551619.35050014,7496470.70824526,556.7689813014849,Jeerinah_Formation
523078.55680128426,7501405.148133702,572.2803606574417,Brockman_Iron_Formation
521225.2012418082,7501026.949760011,606.543539238846,Brockman_Iron_Formation
521198.3765866309,7501022.685718564,604.9055907289714,Brockman_Iron_Formation
519976.91006078,7500799.46789149,617.1889708841026,Brockman_Iron_Formation
519631.44173262,7500691.46114408,595.914101862176,Brockman_Iron_Formation
519572.569,7509309.852351456,618.8363563421602,Brockman_Iron_Formation
521858.95929696,7509706.58503641,564.0623725799909,Brockman_Iron_Formation
524162.85905036,7510539.05147879,611.3366886796176,Brockman_Iron_Formation
524788.12910954,7510968.56984444,653.5937040379179,Brockman_Iron_Formation
525715.24123919,7511806.88528093,635.7665804602275,Brockman_Iron_Formation
527179.35841707,7512292.11861239,626.0982056018433,Brockman_Iron_Formation
529082.38106679,7512568.19015911,745.2419009933747,Brockman_Iron_Formation
529892.52033635,7513079.69810155,748.4041470536953,Brockman_Iron_Formation
530099.42050291,7513784.71054115,711.8614653734439,Brockman_Iron_Formation
529694.6298466,7514468.70040679,640.8426532968383,Brockman_Iron_Formation
530218.74973763,7514643.22044265,663.8298037046951,Brockman_Iron_Formation
530826.1293182,7514807.238458,688.3412228550447,Brockman_Iron_Formation
530830.25874388,7514986.23843761,710.6894454807712,Brockman_Iron_Formation
530488.41843453,7515419.23045467,734.3055146712646,Brockman_Iron_Formation
530702.4178876,7516200.23931346,965.0621101693202,Brockman_Iron_Formation
546961.2883834778,7516341.01,955.3266185192372,Brockman_Iron_Formation
546176.47863223,7515206.16060613,754.9033183397398,Brockman_Iron_Formation
544514.33162234,7514718.6588027,864.2628464860852,Brockman_Iron_Formation
544110.92760647,7512830.14889005,699.4523655151207,Brockman_Iron_Formation
542771.04011075,7512583.15959476,781.302562138369,Brockman_Iron_Formation
542270.97875475,7512270.6687916,760.7335760469384,Brockman_Iron_Formation
542927.26999918,7509989.15085108,790.5767440091647,Brockman_Iron_Formation
542677.24168743,7509082.66245721,766.2504834216982,Brockman_Iron_Formation
542145.9084492,7508332.65926824,689.4828221585062,Brockman_Iron_Formation
541145.7601317,7505676.14855006,714.2579565015727,Brockman_Iron_Formation
538364.25997959,7504113.66011445,704.9321563527856,Brockman_Iron_Formation
535926.55161838,7503894.65193591,752.4348350926151,Brockman_Iron_Formation
534488.93889665,7502207.12011758,673.4646447133354,Brockman_Iron_Formation
532415.328859181,7501872.491963996,664.529698004287,Brockman_Iron_Formation
532120.3903023152,7502161.713867484,667.93100292081,Brockman_Iron_Formation
531832.36921709,7502050.60151443,663.0,Brockman_Iron_Formation
528269.54911085,7501675.54946632,566.4798038909242,Brockman_Iron_Formation
547764.9297779603,7510350.434752032,579.3554281216201,Jeerinah_Formation
547123.42154846,7509784.1305715,571.7252054761133,Jeerinah_Formation
546760.17189473,7508297.15162212,583.0914823317092,Jeerinah_Formation
546098.20918874,7506843.14860294,565.8098788036768,Jeerinah_Formation
544943.52183298,7504761.65970015,537.2108115014281,Jeerinah_Formation
543357.14034919,7502835.65126185,526.3243456627538,Jeerinah_Formation
540434.9686215,7500840.14040923,540.745417618144,Jeerinah_Formation
538476.5108094,7499571.63122786,512.8057643355977,Jeerinah_Formation
536356.47019615,7499080.11950446,505.59738757398,Jeerinah_Formation
535866.53942217,7499031.61027688,522.9002580902734,Jeerinah_Formation
534225.2438334881,7499178.531705108,511.8260137633797,Jeerinah_Formation
534326.9077286279,7499001.033844557,513.44705445313,Jeerinah_Formation
533821.50949274,7499055.60058806,508.0789933208286,Jeerinah_Formation
531257.250016,7499404.57940736,520.3492137412013,Jeerinah_Formation
530073.73089448,7499647.07012578,513.9054209691499,Jeerinah_Formation
527979.74929199,7499328.5417763,508.5083839564929,Jeerinah_Formation
525344.555691165,7499018.081952954,503.809707478582,Jeerinah_Formation
525323.5354382728,7499014.580489381,505.8216766672733,Jeerinah_Formation
523301.6697770379,7498630.076919503,502.0594484090861,Jeerinah_Formation
523421.171001496,7498427.463981763,502.1747711188603,Jeerinah_Formation
521882.68120584,7497821.95909606,492.2783490703225,Jeerinah_Formation
519791.94103308575,7497415.959913789,501.8939603256919,Jeerinah_Formation
520201.7087654752,7496264.298594779,511.15128159505554,Jeerinah_Formation
519908.90890563,7495993.45121334,511.2818190530504,Jeerinah_Formation
551978.745,7513143.380467468,625.43460677331,Jeerinah_Formation
550324.67076872,7512949.12177085,616.5955376486859,Jeerinah_Formation
549303.43178106,7512159.1309947,602.3582268283327,Jeerinah_Formation
548689.44884283,7511449.62852403,606.0332875787933,Jeerinah_Formation
548249.1553871729,7510802.59391084,588.5910913794054,Jeerinah_Formation
548265.4405433658,7510615.782459535,592.1735284684428,Jeerinah_Formation
548214.5917594,7510548.64063064,591.0980777438372,Jeerinah_Formation
519572.569,7511161.753710989,639.9096773695934,Marra_Mamba_Iron_Formation
521299.68208722,7511585.50888136,596.4104895494936,Marra_Mamba_Iron_Formation
522447.1489635291,7512082.747411763,574.6619268875659,Marra_Mamba_Iron_Formation
522467.1025051157,7512095.046156631,577.2129407118839,Marra_Mamba_Iron_Formation
522695.6716395,7512272.0405713,591.6401698362984,Marra_Mamba_Iron_Formation
523666.98023143,7513234.03881733,619.1285435288445,Marra_Mamba_Iron_Formation
524713.43882236,7515278.04162679,628.0874312387529,Marra_Mamba_Iron_Formation
524794.56922212,7516283.02740676,672.5593549506334,Marra_Mamba_Iron_Formation
551978.745,7514891.332077501,675.1395282111521,Marra_Mamba_Iron_Formation
550096.13010182,7514357.12942362,707.3965184468451,Marra_Mamba_Iron_Formation
548011.9994174,7513394.63908372,687.9281326802927,Marra_Mamba_Iron_Formation
547114.2637708104,7512140.900866585,662.3585791985743,Marra_Mamba_Iron_Formation
547104.4526327184,7512122.394337149,662.4890268761939,Marra_Mamba_Iron_Formation
546773.33968561,7511046.63984047,684.1052204599312,Marra_Mamba_Iron_Formation
546762.4904998624,7510993.451111171,672.3520859697649,Marra_Mamba_Iron_Formation
546758.3017795589,7510972.91567971,668.266005864677,Marra_Mamba_Iron_Formation
545834.07886113,7510116.14009074,699.4201037814055,Marra_Mamba_Iron_Formation
544986.9678246,7508529.64070461,696.1303852952971,Marra_Mamba_Iron_Formation
544044.85933247,7507007.14778698,618.0114819034807,Marra_Mamba_Iron_Formation
542851.59999817,7504830.14837735,586.4897366779604,Marra_Mamba_Iron_Formation
541996.4995115,7504230.15167315,599.2722142722994,Marra_Mamba_Iron_Formation
540714.57853476,7503454.65880332,601.7765349482144,Marra_Mamba_Iron_Formation
538115.05188961,7502437.6390985,614.2206953573093,Marra_Mamba_Iron_Formation
537323.51234309,7501824.63116789,581.4995082638524,Marra_Mamba_Iron_Formation
536218.05087715,7500716.62982771,548.409478843698,Marra_Mamba_Iron_Formation
534081.70794869,7500817.10922303,565.7242136441575,Marra_Mamba_Iron_Formation
533295.3713802102,7500487.039291037,557.5400487723887,Marra_Mamba_Iron_Formation
533029.9344967178,7500850.24582394,543.2909943586922,Marra_Mamba_Iron_Formation
532828.74195887,7500779.5898232,547.6528053739413,Marra_Mamba_Iron_Formation
529769.56895004,7500739.068746,546.9589762730618,Marra_Mamba_Iron_Formation
528606.7054395513,7500745.170735248,559.7307465006609,Marra_Mamba_Iron_Formation
529070.4768030181,7500216.433158287,540.632078465193,Marra_Mamba_Iron_Formation
527986.56266444,7500239.54805272,538.8648339957901,Marra_Mamba_Iron_Formation
525080.37888159,7500248.52011825,545.0570143836563,Marra_Mamba_Iron_Formation
519572.569,7510655.56991078,607.5272570982411,Wittenoom_Formation
522835.0200552533,7511572.344107556,570.1412354875515,Wittenoom_Formation
522852.3463801091,7511582.4541240465,569.4539487703878,Wittenoom_Formation
523243.80221238,7511810.8139524,574.8704973646622,Wittenoom_Formation
524684.43074283,7513216.04936846,591.3737050695931,Wittenoom_Formation
526563.31979686,7516282.58188157,637.0939307305969,Wittenoom_Formation
551978.745,7515812.631645737,642.4767200226765,Wittenoom_Formation
549439.77104575,7514570.12941374,643.8580230953768,Wittenoom_Formation
547535.49978382,7513671.14015049,632.5174309029993,Wittenoom_Formation
546647.5624028842,7512676.54185883,627.3689508103862,Wittenoom_Formation
546631.1332037331,7512665.050680517,626.6556505797265,Wittenoom_Formation
546556.91190364,7512613.13760879,625.3543420264645,Wittenoom_Formation
546082.6082970671,7511385.907606197,646.530692947754,Wittenoom_Formation
546071.5082771338,7511369.25830245,646.8625405270174,Wittenoom_Formation
544599.6914849,7509307.15123408,661.3119712953377,Wittenoom_Formation
544255.81956058,7507878.65057088,638.5059182321802,Wittenoom_Formation
542748.24172931,7505604.14936475,603.999669531453,Wittenoom_Formation
538490.04020229,7502853.64000446,607.429230877286,Wittenoom_Formation
536718.00863827,7502615.6299287,571.1386274087248,Wittenoom_Formation
535289.74986131,7501266.61981285,556.3686203881329,Wittenoom_Formation
532990.7747944555,7500985.70182247,548.7376987937084,Wittenoom_Formation
532904.0695134036,7501128.961417044,558.1991177823292,Wittenoom_Formation
531190.53009968,7501090.09103272,576.0219126694676,Wittenoom_Formation
528449.42942169,7500976.55027108,551.4551241556446,Wittenoom_Formation
529354.2591485713,7489723.89,483.06752767705495,Bunjinah_Formation
528010.69056076,7490033.00870063,436.24741078919953,Bunjinah_Formation
527692.3446357291,7490013.222464005,477.844053269039,Bunjinah_Formation
526710.9812112843,7491729.250886025,480.1738611781036,Bunjinah_Formation
525263.63108039,7490681.47991698,552.653671708414,Bunjinah_Formation
523860.21075316,7489772.4791531,631.095248065255,Bunjinah_Formation
531761.9216368438,7489723.89,522.0338085357321,Bunjinah_Formation
530163.09108962,7491234.03054733,537.3228201261201,Bunjinah_Formation
529212.3307416,7491907.53998114,530.1903846375114,Bunjinah_Formation
528666.19739018,7492063.53078777,486.35980983762033,Bunjinah_Formation
548889.2972765055,7489723.89,580.6882336211066,Woongarra_Rhyolite
549687.55010577,7490279.22033553,563.40037394225,Woongarra_Rhyolite
550062.91966385,7490440.22999716,563.9487230039048,Woongarra_Rhyolite
551421.53808071,7490654.7416929,564.9495084761977,Woongarra_Rhyolite
538523.47963673,7511559.70031612,647.2691452490168,Weeli_Wolli_Formation
540057.37106246,7509681.66890129,650.0127111574051,Weeli_Wolli_Formation
540348.21141577,7507671.65963982,643.2368146516194,Weeli_Wolli_Formation
537068.6509274,7505741.16039321,623.6086534798903,Weeli_Wolli_Formation
533603.88177167,7504709.62726154,610.1293632510742,Weeli_Wolli_Formation
531101.5790886653,7503246.79215848,622.4711933095405,Weeli_Wolli_Formation
530842.3050688059,7503487.7725408785,595.3886584880757,Weeli_Wolli_Formation
527759.80993316,7502688.05957665,553.5411679983705,Weeli_Wolli_Formation
527015.2964119801,7502589.086415688,554.0543296826485,Weeli_Wolli_Formation
527177.9123663192,7502379.39689668,561.0757690229334,Weeli_Wolli_Formation
524294.11173178,7502249.52096834,571.9127718659261,Weeli_Wolli_Formation
522534.18705220777,7501850.70980351,553.6581505252984,Weeli_Wolli_Formation
522408.2518345801,7501922.654008511,551.3378619905233,Weeli_Wolli_Formation
520358.734899254,7501713.412603741,535.4273275503887,Weeli_Wolli_Formation
520333.24271642976,7501711.867273416,535.0863938619032,Weeli_Wolli_Formation
519572.569,7501621.605233808,539.753936850501,Weeli_Wolli_Formation
519572.569,7508726.344445956,626.0524534747188,Weeli_Wolli_Formation
521049.46638255887,7509064.655564553,591.9934268408406,Weeli_Wolli_Formation
521100.5061366483,7509072.195111302,589.8131191966612,Weeli_Wolli_Formation
524151.16928138,7509438.05160553,563.4853899816745,Weeli_Wolli_Formation
527864.74219362,7510184.62079953,596.4613442988365,Weeli_Wolli_Formation
532096.70017129,7511533.22015216,621.0048821063749,Weeli_Wolli_Formation
533789.40957391,7512353.23117852,673.6298126180945,Weeli_Wolli_Formation
537941.65152172,7511797.69952931,665.4698456714881,Weeli_Wolli_Formation
537981.21323065,7511781.5175656,663.6920610323317,Weeli_Wolli_Formation
519572.569,7509505.620479687,598.544398769097,Mount_McRae_Shale_and_Mount_Sylvia_Formation
523849.76068937,7510813.54871304,575.0885471315814,Mount_McRae_Shale_and_Mount_Sylvia_Formation
526174.97059272,7512331.08860177,600.4500212790356,Mount_McRae_Shale_and_Mount_Sylvia_Formation
526786.89931708,7512576.11189434,604.6778533877645,Mount_McRae_Shale_and_Mount_Sylvia_Formation
529283.53027829,7513310.17996924,647.7142672154005,Mount_McRae_Shale_and_Mount_Sylvia_Formation
529748.6604519,7514852.20876835,643.2082658041037,Mount_McRae_Shale_and_Mount_Sylvia_Formation
529846.53825611,7516247.2076062,665.4909915093805,Mount_McRae_Shale_and_Mount_Sylvia_Formation
547840.4719156559,7516341.01,734.3550109499422,Mount_McRae_Shale_and_Mount_Sylvia_Formation
546758.59954223,7515243.66039154,720.997493579513,Mount_McRae_Shale_and_Mount_Sylvia_Formation
544825.08281645,7514215.6581966,797.6416072165865,Mount_McRae_Shale_and_Mount_Sylvia_Formation
544090.77893216,7511817.1508756,665.5561755306909,Mount_McRae_Shale_and_Mount_Sylvia_Formation
543381.02146842,7510324.15103518,678.8343567230692,Mount_McRae_Shale_and_Mount_Sylvia_Formation
543136.21082449,7508978.15168947,655.2831298499777,Mount_McRae_Shale_and_Mount_Sylvia_Formation
542622.22038079,7508170.65934727,645.1460947737982,Mount_McRae_Shale_and_Mount_Sylvia_Formation
541716.57905509,7505698.16170224,654.4818613790809,Mount_McRae_Shale_and_Mount_Sylvia_Formation
538020.88079731,7503667.1522582,617.0489285210317,Mount_McRae_Shale_and_Mount_Sylvia_Formation
536013.90197875,7503250.64068908,621.8294983701247,Mount_McRae_Shale_and_Mount_Sylvia_Formation
533444.01858443,7501684.61032926,674.4093836638249,Mount_McRae_Shale_and_Mount_Sylvia_Formation
532856.65218931,7501611.11120583,625.6105161611208,Mount_McRae_Shale_and_Mount_Sylvia_Formation
540641.6695196998,7490347.328202824,575.1884344115125,Marra_Mamba_Iron_Formation
541318.3109205,7491402.65077359,563.001062905689,Marra_Mamba_Iron_Formation
542193.2098362639,7491645.813711183,548.7417400511547,Marra_Mamba_Iron_Formation
542269.8724882609,7491462.614803348,563.7678434065213,Marra_Mamba_Iron_Formation
542387.04787832,7491479.65060261,572.7629857087253,Marra_Mamba_Iron_Formation
542874.87052742,7492419.15035772,536.9451290773383,Marra_Mamba_Iron_Formation
543201.8245768951,7492628.332607182,540.8999528158317,Marra_Mamba_Iron_Formation
543227.1873759672,7492635.465655599,540.9366437539667,Marra_Mamba_Iron_Formation
544142.17965374,7492794.15959313,550.3001715612436,Marra_Mamba_Iron_Formation
544346.30837364,7492926.66125734,556.0088150066265,Marra_Mamba_Iron_Formation
546046.63210619,7493420.15976125,549.6832189954057,Marra_Mamba_Iron_Formation
548710.80225349,7493316.69101862,552.3195644561226,Marra_Mamba_Iron_Formation
550558.29902326,7494000.21006652,576.4031878836072,Marra_Mamba_Iron_Formation
551569.35815111,7493988.72104822,586.0349883382951,Marra_Mamba_Iron_Formation
550502.9963973601,7489723.89,564.6133687730362,Turee_Creek_Group
550954.04837942,7489876.73093246,572.2566461829667,Turee_Creek_Group
551355.0091756,7489973.56636882,568.5210538648053,Turee_Creek_Group
546237.2713662738,7489723.89,658.0136764704982,Weeli_Wolli_Formation
547082.89985886,7490707.69776806,615.6417685025117,Weeli_Wolli_Formation
547486.26942055,7490854.19998118,603.2127917047793,Weeli_Wolli_Formation
550896.27985975,7491404.23177688,588.1441776011658,Weeli_Wolli_Formation
551886.29960517,7491661.23038216,601.3219654464605,Weeli_Wolli_Formation
549595.5717406945,7489723.89,568.1078698531028,Boolgeeda_Iron_Formation
550205.91851711,7490207.72611919,561.2587380450152,Boolgeeda_Iron_Formation
550976.81091236,7490294.53687282,567.4105619324695,Boolgeeda_Iron_Formation
551356.23351303,7490337.18942372,560.6288656697749,Boolgeeda_Iron_Formation
542246.7974143107,7489723.89,677.3047709921324,Brockman_Iron_Formation
542717.9220280568,7490577.91467688,615.7362077391973,Brockman_Iron_Formation
542736.5758484881,7490586.864028291,616.6292564932635,Brockman_Iron_Formation
544135.61854951,7491432.16111711,623.610087888101,Brockman_Iron_Formation
544306.9392631858,7491686.162238409,608.1553836617453,Brockman_Iron_Formation
544592.1154765331,7491373.375090823,642.9120964547694,Brockman_Iron_Formation
545036.39095029,7491777.16052949,629.6602692279037,Brockman_Iron_Formation
547358.20826529,7492402.68925637,594.9426382267385,Brockman_Iron_Formation
549769.40858937,7492521.71000565,604.5529586053317,Brockman_Iron_Formation
551912.66067399,7492908.74109107,647.1848656867654,Brockman_Iron_Formation
540988.4467666362,7489998.235904717,618.6456523379476,Wittenoom_Formation
541378.81007008,7490759.65119098,645.2222977179767,Wittenoom_Formation
542381.1376752502,7491084.486207495,591.1871672521688,Wittenoom_Formation
542402.766578806,7491085.370697992,591.1298111614567,Wittenoom_Formation
542645.92785563,7491090.14969537,612.2753338525877,Wittenoom_Formation
543146.00116325,7491940.15245489,602.5403291239865,Wittenoom_Formation
543799.7236521859,7492181.08866352,610.0806074510914,Wittenoom_Formation
543957.2065007278,7492086.975648428,603.6418115674317,Wittenoom_Formation
544164.74937505,7492195.6611233,604.9990686965133,Wittenoom_Formation
544311.50854058,7492303.15922438,608.9670040368236,Wittenoom_Formation
546566.36916235,7493067.16939007,576.6118547564881,Wittenoom_Formation
548555.10852428,7492681.1924451,576.4996083330577,Wittenoom_Formation
550765.35881959,7493413.72030961,653.134557702838,Wittenoom_Formation
551420.39980121,7493422.732412,672.2604781330273,Wittenoom_Formation
541633.0820563955,7489723.89,607.4003852248484,Mount_McRae_Shale_and_Mount_Sylvia_Formation
541942.05037318,7490540.65841891,605.260959679239,Mount_McRae_Shale_and_Mount_Sylvia_Formation
542513.2938496284,7490840.5249628415,603.5424893017987,Mount_McRae_Shale_and_Mount_Sylvia_Formation
542531.809619585,7490848.342610666,604.7594785132605,Mount_McRae_Shale_and_Mount_Sylvia_Formation
542929.42024798,7490989.65118976,638.6805751676451,Mount_McRae_Shale_and_Mount_Sylvia_Formation
544110.3011546083,7491894.921441781,604.0775131207824,Mount_McRae_Shale_and_Mount_Sylvia_Formation
544287.5269318117,7491735.850058673,608.5322137246671,Mount_McRae_Shale_and_Mount_Sylvia_Formation
545353.0321353,7492201.17032748,607.6644910799463,Mount_McRae_Shale_and_Mount_Sylvia_Formation
545734.43922891,7492380.66042821,607.6203621551542,Mount_McRae_Shale_and_Mount_Sylvia_Formation
547379.93605719,7492619.50987623,586.8129649923251,Mount_McRae_Shale_and_Mount_Sylvia_Formation
549044.65850976,7492599.75100812,582.4009870368604,Mount_McRae_Shale_and_Mount_Sylvia_Formation
550534.54189141,7493081.19302948,604.7011637582622,Mount_McRae_Shale_and_Mount_Sylvia_Formation
551636.30768192,7493278.72100359,636.3152610769151,Mount_McRae_Shale_and_Mount_Sylvia_Formation
519931.834325765,7499583.206071265,1516.3942679180268,Wittenoom_Formation
519931.834325765,7499583.206071265,-483.6057320819733,Wittenoom_Formation
523085.2993649884,7498726.661290905,703.3098288791055,Marra_Mamba_Iron_Formation
523171.9097636316,7500703.818196786,414.6071992108998,Marra_Mamba_Iron_Formation
521703.12588280416,7498890.966458331,1070.5157679555236,Marra_Mamba_Iron_Formation
521527.2215543957,7500587.4907921,26.07196756504948,Marra_Mamba_Iron_Formation
523056.8804373364,7508382.483067099,1125.2228079585643,Boolgeeda_Iron_Formation
523435.9585768036,7506796.584828582,-32.890546272582355,Boolgeeda_Iron_Formation
528623.2918286345,7509715.506028686,641.7558367694264,Boolgeeda_Iron_Formation
529179.2257275356,7507798.766150424,511.1965049099072,Boolgeeda_Iron_Formation
533137.0656130961,7510940.951080867,716.8903255728402,Boolgeeda_Iron_Formation
534046.283477434,7509172.450317773,503.0494358787467,Boolgeeda_Iron_Formation
536391.452166886,7511159.783518795,786.323487881966,Boolgeeda_Iron_Formation
536030.287997254,7509217.617085805,473.9935515317759,Boolgeeda_Iron_Formation
536394.569773252,7508072.250810902,827.582051349751,Boolgeeda_Iron_Formation
535356.999625988,7509726.607005709,395.663343479044,Boolgeeda_Iron_Formation
535542.7643016474,7506766.877227643,842.5225457921194,Boolgeeda_Iron_Formation
534482.8486592725,7508392.453186418,358.7027102134012,Boolgeeda_Iron_Formation
534018.0388607369,7506036.138936791,736.1715481165636,Boolgeeda_Iron_Formation
532758.8611767632,7507559.16201684,428.1581428538439,Boolgeeda_Iron_Formation
531610.855205054,7504729.816574819,786.764259810494,Boolgeeda_Iron_Formation
531121.3475212058,7506622.932328232,366.651213549872,Boolgeeda_Iron_Formation
529539.7001691473,7503795.044914608,951.5201189812232,Boolgeeda_Iron_Formation
529302.9191880428,7505625.157830893,180.4030846531183,Boolgeeda_Iron_Formation
524381.067263936,7503064.884313114,930.8488538040922,Boolgeeda_Iron_Formation
524137.474840884,7504889.662874766,149.28252113253598,Boolgeeda_Iron_Formation
522092.19331957016,7509106.880875493,1192.4439972747236,Woongarra_Rhyolite
522449.43599620985,7507611.657145386,-86.88538443630114,Woongarra_Rhyolite
525544.9558709346,7509893.690104537,623.1663245130467,Woongarra_Rhyolite
526296.3842174254,7508041.949758064,543.0843082166216,Woongarra_Rhyolite
529445.4560508345,7510983.413596813,729.8457577814238,Woongarra_Rhyolite
530245.5440460654,7509170.436947277,459.7071486804366,Woongarra_Rhyolite
534280.429904098,7512496.538908445,706.4880926579207,Woongarra_Rhyolite
534669.4600943021,7510540.893001924,551.2315326849449,Woongarra_Rhyolite
538958.3000721368,7511487.281293481,699.1565870463127,Woongarra_Rhyolite
537991.1393203132,7509743.086835249,549.5378315054285,Woongarra_Rhyolite
539595.250419514,7507655.744042392,815.032018814423,Woongarra_Rhyolite
538003.809509896,7508802.607583378,425.13478934440445,Woongarra_Rhyolite
537145.0154629577,7505758.263676128,994.1039005361226,Woongarra_Rhyolite
536474.2765023623,7507472.066857611,211.16846138390923,Woongarra_Rhyolite
533881.8519373614,7504519.601400782,751.1187051856411,Woongarra_Rhyolite
532630.9670103687,7506050.668457086,449.2568683776233,Woongarra_Rhyolite
530214.6248643723,7503079.564390952,981.2514003574923,Woongarra_Rhyolite
529821.247611289,7504864.309262799,168.8844394521825,Woongarra_Rhyolite
526780.4340030085,7502477.382669571,1173.3658271131085,Woongarra_Rhyolite
526790.7159027816,7504033.705972989,-82.7201802027081,Woongarra_Rhyolite
522545.5887150605,7501853.920447386,953.891551664522,Woongarra_Rhyolite
522407.7212020095,7503672.579951432,133.23927622344632,Woongarra_Rhyolite
531418.5272693398,7509433.030340906,667.276685326432,Turee_Creek_Group
531952.1444150402,7507511.307246935,518.1690332474204,Turee_Creek_Group
534062.6687520805,7507829.576888099,734.3495261283948,Turee_Creek_Group
532085.7606815395,7507933.762996061,449.7801399711374,Turee_Creek_Group
530273.9239828922,7504923.639887699,798.4267215581831,Turee_Creek_Group
529181.1962372577,7506530.579251802,325.4658838393196,Turee_Creek_Group
522237.17540431005,7503198.561188744,1044.8420087860773,Turee_Creek_Group
521928.67270976,7504886.940390095,18.098730307779874,Turee_Creek_Group
537246.7591221672,7491554.078306665,1007.4013041658473,Jeerinah_Formation
537278.3539928801,7489802.398407086,42.71519275096864,Jeerinah_Formation
537547.7057627966,7492315.735788688,955.2579980513772,Jeerinah_Formation
538564.0654169936,7490860.154535655,34.22799357730645,Jeerinah_Formation
539226.6806971665,7493203.8148088,956.8114541956292,Jeerinah_Formation
538472.6178995845,7491570.420210303,83.07729388039172,Jeerinah_Formation
540342.4048408468,7494033.411675556,958.2249017705284,Jeerinah_Formation
540899.3471254832,7492311.861232026,106.12199603459383,Jeerinah_Formation
541986.2377556388,7494841.133556168,743.3354602142671,Jeerinah_Formation
543258.0728910312,7493353.645868222,331.24837403599474,Jeerinah_Formation
544465.3584088144,7495825.04912961,703.3587076516832,Jeerinah_Formation
544315.5227972757,7493865.23922591,333.63660813178205,Jeerinah_Formation
546000.2280069268,7495386.62303863,630.1851942798746,Jeerinah_Formation
547973.8884711731,7495122.20909755,443.7726420372764,Jeerinah_Formation
548451.7273262974,7496746.2122039,1024.4520198160258,Jeerinah_Formation
548892.5115606526,7495023.64670365,108.76792795158678,Jeerinah_Formation
552003.6984586718,7496398.980086749,1329.4095186552672,Jeerinah_Formation
550749.7767775583,7496469.5169586595,-227.0945665737139,Jeerinah_Formation
520346.5328717245,7500164.914297094,1343.4512145980434,Brockman_Iron_Formation
520103.9563470556,7501542.025668818,-86.48616149576935,Brockman_Iron_Formation
521551.9661151871,7510513.640213403,1096.624306823308,Brockman_Iron_Formation
521709.0829686828,7508802.9538226975,72.4825358731133,Brockman_Iron_Formation
523420.5555460468,7511317.075296025,714.1037227249188,Brockman_Iron_Formation
524733.7325615832,7509825.535255444,488.5501077844447,Brockman_Iron_Formation
524041.4378386596,7511673.914783727,822.5845655812773,Brockman_Iron_Formation
525375.6225317005,7510225.715118872,472.3433122064521,Brockman_Iron_Formation
525451.6247981654,7512657.43684404,885.0929848137065,Brockman_Iron_Formation
525805.1557428746,7510744.040916711,422.5652597942145,Brockman_Iron_Formation
526793.3537830698,7513229.570376316,870.2831842448934,Brockman_Iron_Formation
527151.8556456402,7511331.668155095,351.2036400382577,Brockman_Iron_Formation
528468.3431334081,7513363.531454354,1047.6255976343307,Brockman_Iron_Formation
529339.8290437718,7511679.329060958,412.0356306628437,Brockman_Iron_Formation
529255.513894483,7513334.236881342,1087.523127844221,Brockman_Iron_Formation
530974.317975217,7514063.183428168,370.34151631124223,Brockman_Iron_Formation
528814.1553323325,7514572.56809323,1104.3973100618773,Brockman_Iron_Formation
530570.0464133574,7514333.830356329,177.11590479367214,Brockman_Iron_Formation
529818.8380612799,7515439.782896723,1124.2515114818184,Brockman_Iron_Formation
530548.0295948402,7513823.657799059,198.82221862165403,Brockman_Iron_Formation
530508.014248395,7515617.727110051,1183.0306371350575,Brockman_Iron_Formation
531109.4853885452,7513988.25807347,191.5352380585992,Brockman_Iron_Formation
530021.1298290337,7514702.965561908,1214.0664140475917,Brockman_Iron_Formation
531669.9265276361,7515205.512315512,199.71134449908965,Brockman_Iron_Formation
530147.1227128374,7514808.756293036,1468.766776074149,Brockman_Iron_Formation
530826.3845239325,7515955.215246595,-22.62024941263462,Brockman_Iron_Formation
529886.2339404325,7516002.200258177,1535.7719227790062,Brockman_Iron_Formation
531536.2923387776,7516092.790784802,409.2282536134726,Brockman_Iron_Formation
546640.7700660507,7516166.641435016,1206.7740002678488,Brockman_Iron_Formation
545847.0692311191,7514524.679456614,385.79906391958536,Brockman_Iron_Formation
545597.5521602384,7514332.300358883,1187.4541270459276,Brockman_Iron_Formation
544177.3117529615,7515559.016233136,496.0169647571168,Brockman_Iron_Formation
545045.8209995587,7512918.798562576,928.2672315080716,Brockman_Iron_Formation
543108.1768165013,7513175.011576115,504.1329231138674,Brockman_Iron_Formation
542622.58672949,7511585.331955183,1028.3998200055894,Brockman_Iron_Formation
543482.0756319601,7513330.976845587,565.7955148571717,Brockman_Iron_Formation
542732.7349603755,7513186.523074634,971.4131576999928,Brockman_Iron_Formation
541465.4833556345,7511698.325650446,547.9254991758565,Brockman_Iron_Formation
543878.2553669164,7510249.818147412,1071.3657855727529,Brockman_Iron_Formation
541976.2760083735,7510415.993440108,475.6642732583481,Brockman_Iron_Formation
543145.3027357822,7508592.450594143,959.0275540490952,Brockman_Iron_Formation
541240.2638404476,7508385.369427088,386.3634312747359,Brockman_Iron_Formation
541844.0109339643,7505056.136997834,917.8023216265552,Brockman_Iron_Formation
540916.3506483256,7506764.663223116,448.351012144926,Brockman_Iron_Formation
539069.5376712988,7503452.846442459,1209.1435926496442,Brockman_Iron_Formation
538346.533536361,7505055.463079521,255.78902299743424,Brockman_Iron_Formation
536016.6474204815,7503062.923829773,1075.383235601349,Brockman_Iron_Formation
536180.2725279185,7504913.870339686,335.6374403027296,Brockman_Iron_Formation
535670.4402189589,7502577.294673024,824.0561818861488,Brockman_Iron_Formation
533744.9285841811,7502086.956430556,596.079533279797,Brockman_Iron_Formation
532333.217710908,7501272.575810547,1084.6727703230356,Brockman_Iron_Formation
531619.5418084972,7502939.739571367,241.32722967696435,Brockman_Iron_Formation
528651.7999768888,7500920.529537844,1129.8795905650031,Brockman_Iron_Formation
528262.3288733312,7502524.580530217,0.5733108696978206,Brockman_Iron_Formation
548050.4955048778,7509373.369009433,794.3235384484083,Jeerinah_Formation
546343.2389096422,7510321.411757007,362.4788131171106,Jeerinah_Formation
547629.3983372436,7507929.750933043,788.4159963522338,Jeerinah_Formation
545923.8231103662,7508887.042450557,370.5570536956016,Jeerinah_Formation
546890.8776467805,7506201.019204631,668.0639007786303,Jeerinah_Formation
545554.3930432695,7507674.766667638,463.4244132431356,Jeerinah_Formation
546014.0723211686,7504628.567945672,747.1810593493881,Jeerinah_Formation
544231.6703616714,7505440.253269197,341.9524937780557,Jeerinah_Formation
544244.4633147216,7502443.76616116,946.1671477282914,Jeerinah_Formation
542866.0487701285,7503639.043679721,126.84730976721976,Jeerinah_Formation
541005.5600671585,7500093.309727385,961.475479091723,Jeerinah_Formation
540297.7089735313,7501768.970468384,130.14647663643376,Jeerinah_Formation
539213.0850015867,7498923.914519388,741.5542476371152,Jeerinah_Formation
538046.4236657133,7500478.345539052,269.7009521270647,Jeerinah_Formation
536894.6234999062,7498181.997289364,567.945538306172,Jeerinah_Formation
536270.3356969939,7500077.733617167,439.693775801384,Jeerinah_Formation
534014.849917405,7498054.046692792,727.4936456084218,Jeerinah_Formation
534133.5673039628,7500002.587739825,292.6442807023303,Jeerinah_Formation
531422.8849839672,7498545.641643463,1033.7034366733656,Jeerinah_Formation
531395.0351182428,7500263.5301760975,9.9440047661829,Jeerinah_Formation
530155.343597136,7498813.954334219,1067.5675434292984,Jeerinah_Formation
530128.6870751642,7500480.186590682,-38.307448311901794,Jeerinah_Formation
528472.4374619588,7498509.105729285,1056.3311092215667,Jeerinah_Formation
528427.830664981,7500178.497124336,-44.18813358733706,Jeerinah_Formation
525427.4199484376,7498173.911809862,1018.9507299345114,Jeerinah_Formation
525372.316431895,7499880.67953375,-22.158072812147168,Jeerinah_Formation
524362.6445190491,7498093.895177071,746.8796064092033,Jeerinah_Formation
522668.3969488969,7499040.057943332,262.83292397593084,Jeerinah_Formation
522534.3421172997,7497116.677407177,969.3976606602102,Jeerinah_Formation
521963.5406837504,7498777.752019642,12.832526817468818,Jeerinah_Formation
520955.4283658197,7496841.687635404,1184.0714932374449,Jeerinah_Formation
519493.1991883756,7496954.552902815,-175.76204953282956,Jeerinah_Formation
550625.3160199582,7512036.406185037,879.6262492797208,Jeerinah_Formation
550342.3956555218,7513942.834872012,345.31760358511235,Jeerinah_Formation
549482.6223566704,7510904.665762582,823.615753257473,Jeerinah_Formation
548121.2085928596,7512295.633512377,363.4404793266076,Jeerinah_Formation
520726.73907463416,7512423.619443155,757.6999712297713,Marra_Mamba_Iron_Formation
521566.8410721058,7510634.891388216,449.997876150366,Marra_Mamba_Iron_Formation
522145.074796834,7512991.353046703,707.8853237865212,Marra_Mamba_Iron_Formation
522430.98822346167,7511028.725174158,450.3094196698194,Marra_Mamba_Iron_Formation
522570.09934150765,7513207.068099297,821.4922921001227,Marra_Mamba_Iron_Formation
524494.8618777724,7512867.998890114,396.8497949619013,Marra_Mamba_Iron_Formation
524035.3489976471,7515950.068742259,930.3106668547211,Marra_Mamba_Iron_Formation
525104.158244443,7514372.01354123,324.1847917522708,Marra_Mamba_Iron_Formation
550191.5877547333,7513432.616475089,949.12416353668,Marra_Mamba_Iron_Formation
550427.1236515866,7515355.633026521,452.60610322486014,Marra_Mamba_Iron_Formation
548330.7423129099,7512481.872666364,774.5123437824465,Marra_Mamba_Iron_Formation
547992.8055538201,7514445.895329067,605.9486251226457,Marra_Mamba_Iron_Formation
547834.9580515551,7511545.295913611,792.7357689221318,Marra_Mamba_Iron_Formation
546571.2922191832,7513071.740212038,522.3351995941229,Marra_Mamba_Iron_Formation
547633.3671613518,7510738.298413884,870.7730964730417,Marra_Mamba_Iron_Formation
545979.004749948,7511780.981563155,451.37249804547264,Marra_Mamba_Iron_Formation
546366.3212334624,7509348.970213788,962.0564897257784,Marra_Mamba_Iron_Formation
545812.1376567577,7511211.320890823,488.20997548641753,Marra_Mamba_Iron_Formation
545940.8963972132,7508296.73312637,950.505159838356,Marra_Mamba_Iron_Formation
544168.1704086869,7509092.55883358,477.10890578912114,Marra_Mamba_Iron_Formation
545135.4907247045,7506896.113955182,686.3873780891936,Marra_Mamba_Iron_Formation
543229.3891529257,7507479.183950699,522.6614534782093,Marra_Mamba_Iron_Formation
543837.0938014484,7504546.243248904,861.710348101145,Marra_Mamba_Iron_Formation
542192.4549254416,7505551.556232486,328.3167105586354,Marra_Mamba_Iron_Formation
541216.9358840159,7502717.53987323,1055.4556647443308,Marra_Mamba_Iron_Formation
540550.082502234,7504361.758744719,132.4979897417549,Marra_Mamba_Iron_Formation
538646.9208930056,7501571.954518007,1064.3509578983037,Marra_Mamba_Iron_Formation
538556.4702600744,7503374.335336853,202.23607758287028,Marra_Mamba_Iron_Formation
538060.0244461235,7501337.861708358,961.9872485688712,Marra_Mamba_Iron_Formation
536594.0860627464,7502457.41109959,188.91945287824825,Marra_Mamba_Iron_Formation
536769.4674395157,7499827.671336431,703.3490690657867,Marra_Mamba_Iron_Formation
536061.1936672742,7501673.57829421,401.72717533076445,Marra_Mamba_Iron_Formation
534372.745212986,7499873.230580266,711.9940586795512,Marra_Mamba_Iron_Formation
533975.3521559342,7501810.988320694,416.7421363891633,Marra_Mamba_Iron_Formation
533146.5182447424,7499902.692893033,900.7895047970828,Marra_Mamba_Iron_Formation
532682.9234456376,7501712.9881992275,188.11091902749,Marra_Mamba_Iron_Formation
529968.927492467,7499892.203192382,1112.192377300085,Marra_Mamba_Iron_Formation
530123.213635233,7501531.936940388,-22.474543782564865,Marra_Mamba_Iron_Formation
528334.227959287,7499405.566845147,1104.7313106684408,Marra_Mamba_Iron_Formation
528331.983365253,7501057.030732563,-23.391905278559307,Marra_Mamba_Iron_Formation
525263.8524193254,7499564.66079986,1261.8099895866403,Marra_Mamba_Iron_Formation
525189.5359372345,7500949.880480009,-178.8993836790827,Marra_Mamba_Iron_Formation
522576.1885824075,7512498.315961745,719.2211731749072,Wittenoom_Formation
522930.6898220216,7510551.166400272,431.2325338677839,Wittenoom_Formation
523694.8770422613,7513544.672118041,843.4739258205656,Wittenoom_Formation
525069.3334809989,7512174.93797689,359.0176526851918,Wittenoom_Formation
550217.4905894853,7513856.1933301985,850.3412038141571,Wittenoom_Formation
549270.3792430649,7515575.066316921,465.04164113796446,Wittenoom_Formation
548355.2769183249,7513077.609826205,656.6430579763445,Wittenoom_Formation
546980.2227136551,7514529.159759944,609.4336936360452,Wittenoom_Formation
547254.0712467479,7511899.806012133,758.6205074252698,Wittenoom_Formation
545933.9738606252,7513378.382277174,491.87133758235245,Wittenoom_Formation
546897.4989590716,7510851.155052468,844.8165419263031,Wittenoom_Formation
545387.1110978721,7512099.742543532,445.1194242187763,Wittenoom_Formation
545523.0839051468,7509289.797150415,947.5375929618044,Wittenoom_Formation
543702.7878874933,7509880.004985276,366.0076111179213,Wittenoom_Formation
543862.4275211373,7505503.094491127,714.3379950635675,Wittenoom_Formation
542083.6742036229,7506392.705918063,503.08425073224464,Wittenoom_Formation
539037.9543535109,7502074.584215562,1051.116137407024,Wittenoom_Formation
538656.2757969692,7503817.696691577,147.85516989229689,Wittenoom_Formation
537670.9605417172,7502934.177731834,919.6493192599212,Wittenoom_Formation
535817.9691272627,7502614.092741985,238.4970475685434,Wittenoom_Formation
535389.6878726326,7500281.673575687,687.7499987382052,Wittenoom_Formation
535771.6603666574,7502225.066202193,409.6814585364159,Wittenoom_Formation
531719.5238267009,7500203.359986215,1035.4628103181722,Wittenoom_Formation
531726.2458077592,7501976.823037525,110.91772185108312,Wittenoom_Formation
528282.66507783,7490023.764053185,1454.050765841895,Bunjinah_Formation
528282.66507783,7490023.764053185,-545.9492341581049,Bunjinah_Formation
525920.499753352,7490159.3750349,1125.721996967961,Bunjinah_Formation
524977.011115338,7491488.103631269,-33.721622675420235,Bunjinah_Formation
529038.1620468277,7491007.475989098,1040.8787701698354,Bunjinah_Formation
529893.8009861523,7492505.592412962,29.182577600548427,Bunjinah_Formation
549729.0678296695,7490699.956031335,1492.427914126008,Woongarra_Rhyolite
550021.4019399504,7490019.494301354,-365.3967821245899,Woongarra_Rhyolite
540859.84484548,7510400.603504402,702.5662918066208,Weeli_Wolli_Formation
539096.25387549,7509465.747788998,576.9013327030976,Weeli_Wolli_Formation
541502.808182164,7508154.083665643,730.1108013898919,Weeli_Wolli_Formation
539510.984731966,7508088.746055588,561.6758289112025,Weeli_Wolli_Formation
537808.40018427,7504966.97794981,1069.110255079837,Weeli_Wolli_Formation
537466.1602241201,7506726.852374791,182.7052584940484,Weeli_Wolli_Formation
534409.6879087903,7504053.44212487,783.0623582403774,Weeli_Wolli_Formation
533221.2938065997,7505630.325177919,465.00686797873175,Weeli_Wolli_Formation
530918.8899830426,7502507.811244744,961.6340006804306,Weeli_Wolli_Formation
531252.7540533233,7504340.572939974,233.9531976707061,Weeli_Wolli_Formation
528081.8034460711,7501894.243541251,1130.3374466103553,Weeli_Wolli_Formation
527944.3159130189,7503522.385704578,-23.02731540138825,Weeli_Wolli_Formation
524880.1611366599,7501645.460166433,1290.2453126674443,Weeli_Wolli_Formation
524660.1690721501,7503012.581725056,-152.87011428193216,Weeli_Wolli_Formation
520570.3017599468,7501023.01134605,1260.8898892558882,Weeli_Wolli_Formation
520500.713091773,7502412.834608465,-175.61584220228406,Weeli_Wolli_Formation
520475.1152342023,7509667.139159116,1344.6309659034164,Weeli_Wolli_Formation
520678.318906256,7508267.056835986,-69.04429953876547,Weeli_Wolli_Formation
523207.9904412412,7510241.681169515,833.229910727721,Weeli_Wolli_Formation
523534.80031829886,7508318.397857715,392.5751628689817,Weeli_Wolli_Formation
527232.2317080031,7511009.455423079,717.9883897257683,Weeli_Wolli_Formation
527756.6304829669,7509095.265522551,471.24368455975247,Weeli_Wolli_Formation
531384.0496641614,7512366.883098386,832.4030609691838,Weeli_Wolli_Formation
531830.7794276185,7510461.555182863,419.9008757986473,Weeli_Wolli_Formation
533548.9629420663,7513266.359785981,844.4394455744914,Weeli_Wolli_Formation
533791.7972811236,7511308.091932978,518.5276481987291,Weeli_Wolli_Formation
538124.1161614173,7512776.976040882,682.8041388747444,Weeli_Wolli_Formation
537309.5640606828,7510950.924773409,637.6195867712426,Weeli_Wolli_Formation
523349.3760041336,7511543.19397717,610.3908638847387,Mount_McRae_Shale_and_Mount_Sylvia_Formation
523346.6535036364,7509545.386155091,516.8147235705638,Mount_McRae_Shale_and_Mount_Sylvia_Formation
525587.9941328636,7513150.214348146,839.2841869384788,Mount_McRae_Shale_and_Mount_Sylvia_Formation
526223.4649749664,7511316.451456173,356.0756761892226,Mount_McRae_Shale_and_Mount_Sylvia_Formation
528628.7838617364,7513999.700923721,1013.2203881080852,Mount_McRae_Shale_and_Mount_Sylvia_Formation
529620.1367961335,7512425.160531689,279.70698446657264,Mount_McRae_Shale_and_Mount_Sylvia_Formation
528998.9440052697,7515333.732520817,1131.169846539527,Mount_McRae_Shale_and_Mount_Sylvia_Formation
530278.0365014203,7514150.664435573,149.19617480991485,Mount_McRae_Shale_and_Mount_Sylvia_Formation
547469.9528237951,7516156.134418207,949.419894280759,Mount_McRae_Shale_and_Mount_Sylvia_Formation
546169.6255299249,7514698.674660523,519.3501516273408,Mount_McRae_Shale_and_Mount_Sylvia_Formation
545466.7049123332,7513574.269242246,1116.2088668272436,Mount_McRae_Shale_and_Mount_Sylvia_Formation
544672.9478723769,7515273.550001405,421.6624946743215,Mount_McRae_Shale_and_Mount_Sylvia_Formation
544778.1643345406,7511151.427266384,904.6409296856616,Mount_McRae_Shale_and_Mount_Sylvia_Formation
543648.1553601493,7512727.872412176,416.8905631002913,Mount_McRae_Shale_and_Mount_Sylvia_Formation
544362.3869042402,7510422.558663488,985.389824552736,Mount_McRae_Shale_and_Mount_Sylvia_Formation
542497.5448878998,7510813.253057432,377.3420101234972,Mount_McRae_Shale_and_Mount_Sylvia_Formation
543610.6450641743,7507999.813341648,940.8171275282624,Mount_McRae_Shale_and_Mount_Sylvia_Formation
541878.5361177655,7508806.493624802,349.99945807161663,Mount_McRae_Shale_and_Mount_Sylvia_Formation
542494.6765193387,7505160.450869084,823.9203622110235,Mount_McRae_Shale_and_Mount_Sylvia_Formation
541158.7922819313,7506603.361750766,458.6512945734778,Mount_McRae_Shale_and_Mount_Sylvia_Formation
538762.4325195121,7503009.597113037,1101.272264284395,Mount_McRae_Shale_and_Mount_Sylvia_Formation
538013.590897638,7504618.205381023,178.44201688340237,Mount_McRae_Shale_and_Mount_Sylvia_Formation
536726.1321003515,7502646.203992584,941.3250951160674,Mount_McRae_Shale_and_Mount_Sylvia_Formation
535546.4493762284,7504124.578745595,291.1276173709637,Mount_McRae_Shale_and_Mount_Sylvia_Formation
534068.4716144877,7500815.639655884,874.585664032056,Mount_McRae_Shale_and_Mount_Sylvia_Formation
533700.6680011523,7502749.090344865,518.9328343020366,Mount_McRae_Shale_and_Mount_Sylvia_Formation
540788.5231339025,7492077.116390392,1080.5948839227335,Marra_Mamba_Iron_Formation
541739.5891115175,7490652.674526468,47.90960634623752,Marra_Mamba_Iron_Formation
542092.3805513728,7492300.98346791,1073.8637261784163,Marra_Mamba_Iron_Formation
542564.5398152081,7490641.281938046,62.697834079817824,Marra_Mamba_Iron_Formation
542042.3233631128,7492806.481751184,939.0347465285372,Marra_Mamba_Iron_Formation
543636.8670082572,7491904.826417617,136.25942106119186,Marra_Mamba_Iron_Formation
543642.7849908896,7493616.2579944115,813.08640430891,Marra_Mamba_Iron_Formation
544845.7030364902,7492104.562856058,295.625309882912,Marra_Mamba_Iron_Formation
545854.0290514638,7494388.777038292,766.9501216778326,Marra_Mamba_Iron_Formation
545813.1232141561,7492434.544137428,343.51124573824404,Marra_Mamba_Iron_Formation
548353.7145782054,7493919.684960122,1291.613973806138,Marra_Mamba_Iron_Formation
548654.0670008046,7492620.184398186,-198.7171007425154,Marra_Mamba_Iron_Formation
550206.2674940128,7494394.747045213,1449.921538415839,Marra_Mamba_Iron_Formation
550458.1925059773,7493487.164282316,-314.39910048103025,Marra_Mamba_Iron_Formation
546711.8326760248,7491196.176087776,1420.58387303704,Weeli_Wolli_Formation
547140.7581100053,7490085.711218154,-186.55356521075169,Weeli_Wolli_Formation
550213.3838243325,7491688.344450597,1545.2610208668234,Weeli_Wolli_Formation
550295.8254503974,7490973.595729113,-320.8412387720499,Weeli_Wolli_Formation
550736.8803583272,7490606.482449315,1507.6067448365989,Boolgeeda_Iron_Formation
550814.6412246928,7489937.315449645,-375.5206470875231,Boolgeeda_Iron_Formation
542283.9568945304,7491265.65051701,1202.1335927943946,Brockman_Iron_Formation
543044.9295002576,7489838.864860571,25.18695682732357,Brockman_Iron_Formation
543431.7315113993,7491932.223721296,1147.595754432246,Brockman_Iron_Formation
544622.2093543707,7490697.607252795,118.7689074348624,Brockman_Iron_Formation
544472.9994638533,7492401.726592042,1179.201087188222,Brockman_Iron_Formation
545391.4019615467,7491004.093244329,82.31555186934031,Brockman_Iron_Formation
547242.9459312338,7493124.474555315,1306.0710577328214,Brockman_Iron_Formation
547086.5418484464,7491710.394635813,-99.60164391111095,Brockman_Iron_Formation
549544.6867962691,7492893.819681527,1515.9687743726608,Brockman_Iron_Formation
549726.1821749008,7492090.088789573,-306.4132055795866,Brockman_Iron_Formation
551649.0253243102,7493276.641140177,1571.168067433236,Brockman_Iron_Formation
551628.6019412098,7492564.424346003,-297.6096409953931,Brockman_Iron_Formation
540838.6551222448,7491370.373935889,1224.8080595782562,Wittenoom_Formation
541765.6961566451,7490015.9287624,81.97246661287568,Wittenoom_Formation
542394.4258139349,7491917.983937254,1133.618865490857,Wittenoom_Formation
542654.2686205012,7490257.536456108,49.46210642382243,Wittenoom_Formation
542277.1345647819,7492129.606911879,1056.3269209104874,Wittenoom_Formation
543969.4873387582,7491566.206100341,151.60507748372223,Wittenoom_Formation
543639.1473209043,7492966.5419964,962.776740326868,Wittenoom_Formation
544837.1105947257,7491532.27835128,250.1956636329752,Wittenoom_Formation
546360.161520963,7493963.520855841,1010.7527850560468,Wittenoom_Formation
546352.8385633171,7492154.320339399,158.2623947302567,Wittenoom_Formation
548340.6844430785,7493241.930010015,1393.6580271437183,Wittenoom_Formation
548368.8045259914,7492115.952827794,-259.03209688328445,Wittenoom_Formation
550416.7107755725,7493722.378323536,1537.8583832235297,Wittenoom_Formation
550731.7570589875,7492967.052579842,-287.0330821023937,Wittenoom_Formation
